1525417638.9844525,2,0.0,0.0,0.0,0.0,0,0,0.4,0.4,0,0
1525417638.9944537,0,0.0,0.0,0.0,0.0,0,0,0.4,0.4,0,1
1525417639.880532,0,0.491,0.0,0.0,0.0,1,0,0.4,0.4,0,2
1525417639.9118168,0,0.485,-0.006,0.0,0.0,1,0,0.4,0.4,0,3
1525417639.9438195,0,0.467,-0.018,0.073,0.729,1,0,0.4,0.4,0,4
1525417639.9758227,0,0.441,-0.026,0.144,0.708,1,0,0.4,0.4,0,5
1525417640.0078251,0,0.416,-0.024,0.235,0.917,1,0,0.4,0.4,0,6
1525417640.0398283,0,0.386,-0.03,0.35,1.146,1,0,0.4,0.4,0,7
1525417640.0718317,0,0.353,-0.033,0.498,1.479,1,0,0.4,0.4,0,8
1525417640.1038344,0,0.318,-0.035,0.688,1.896,1,0,0.4,0.4,0,9
1525417641.3351827,0,0.0,0.0,0.0,0.0,0,1,0.4,0.4,0,10
1525417642.6455438,2,0.482,-0.013,-0.002,0.208,1,0,0.4,0.4,1,0
1525417642.661545,0,0.471,-0.011,0.015,0.167,1,0,0.4,0.4,1,1
1525417642.7085493,0,0.431,-0.026,0.1,0.667,1,0,0.4,0.4,1,2
1525417642.7405522,0,0.404,-0.027,0.183,0.833,1,0,0.4,0.4,1,3
1525417642.7725546,0,0.37,-0.033,0.283,1.0,1,0,0.4,0.4,1,4
1525417642.789557,1,0.339,-0.031,0.415,1.312,1,0,0.4,0.4,1,5
1525417642.821561,0,0.35,0.011,0.646,2.312,1,0,0.4,0.4,1,6
1525417642.8535616,0,0.363,0.013,0.792,1.458,1,0,0.4,0.4,1,7
1525417644.0991886,0,0.0,0.0,0.0,0.0,0,1,0.4,0.4,1,8
1525417645.379588,2,0.476,-0.01,-0.002,0.167,1,0,0.4,0.396,2,0
1525417645.3955896,0,0.464,-0.012,0.01,0.125,1,0,0.4,0.396,2,1
1525417645.4435935,1,0.425,-0.026,0.088,0.417,1,0,0.4,0.396,2,2
1525417645.4755964,0,0.43,0.005,0.169,0.813,1,0,0.4,0.396,2,3
1525417645.5076003,1,0.436,0.006,0.206,0.375,1,0,0.4,0.396,2,4
1525417645.5406024,0,0.44,0.004,0.315,1.083,1,0,0.4,0.396,2,5
1525417645.5706055,0,0.45,0.01,0.381,0.667,1,0,0.4,0.396,2,6
1525417645.6026082,0,0.416,-0.033,0.54,1.583,1,0,0.4,0.396,2,7
1525417645.6346116,0,0.374,-0.042,0.771,2.312,1,0,0.4,0.396,2,8
1525417646.8659978,0,0.0,0.0,0.0,0.0,0,1,0.4,0.396,2,9
1525417648.1446407,2,0.471,-0.012,0.019,0.208,1,0,0.4,0.392,3,0
1525417648.160642,0,0.463,-0.008,0.031,0.125,1,0,0.4,0.392,3,1
1525417648.2096474,0,0.431,-0.019,0.117,0.667,1,0,0.4,0.392,3,2
1525417648.24165,0,0.4,-0.031,0.202,0.854,1,0,0.4,0.392,3,3
1525417648.2726529,0,0.369,-0.031,0.31,1.083,1,0,0.4,0.392,3,4
1525417648.3046558,0,0.336,-0.032,0.454,1.438,1,0,0.4,0.392,3,5
1525417648.3366585,0,0.308,-0.028,0.629,1.75,1,0,0.4,0.392,3,6
1525417649.5680766,1,0.0,0.0,0.0,0.0,0,1,0.4,0.392,3,7
1525417650.8784816,2,0.501,0.013,0.019,0.146,1,0,0.4,0.388,4,0
1525417650.8944829,0,0.522,0.021,0.021,0.021,1,0,0.4,0.388,4,1
1525417650.9414868,0,0.543,0.003,-0.021,-0.333,1,0,0.4,0.388,4,2
1525417650.9747467,1,0.512,-0.031,0.004,0.25,1,0,0.4,0.388,4,3
1525417651.0057495,1,0.516,0.004,0.079,0.75,1,0,0.4,0.388,4,4
1525417651.037752,1,0.566,0.05,0.119,0.396,1,0,0.4,0.388,4,5
1525417651.0697553,0,0.628,0.062,0.094,-0.25,1,0,0.4,0.388,4,6
1525417651.0867565,1,0.65,0.022,0.073,-0.208,1,0,0.4,0.388,4,7
1525417651.1187594,0,0.657,0.007,0.15,0.771,1,0,0.4,0.388,4,8
1525417651.150762,0,0.666,0.009,0.223,0.729,1,0,0.4,0.388,4,9
1525417651.1827648,0,0.632,-0.033,0.335,1.125,1,0,0.4,0.388,4,10
1525417651.2147677,1,0.596,-0.036,0.533,1.979,1,0,0.4,0.388,4,11
1525417651.2467704,0,0.598,0.002,0.773,2.396,1,0,0.4,0.388,4,12
1525417652.47716,1,0.0,0.0,0.0,0.0,0,1,0.4,0.388,4,13
1525417653.613544,2,0.487,0.016,0.035,0.167,1,0,0.4,0.384,5,0
1525417653.6285453,1,0.504,0.018,0.033,-0.021,1,0,0.4,0.384,5,1
1525417653.67755,0,0.581,0.05,-0.012,-0.375,1,0,0.4,0.384,5,2
1525417653.7085524,1,0.597,0.017,-0.065,-0.521,1,0,0.4,0.384,5,3
1525417653.7405548,1,0.606,0.009,-0.048,0.167,1,0,0.4,0.384,5,4
1525417653.7725575,0,0.654,0.048,-0.035,0.125,1,0,0.4,0.384,5,5
1525417653.8045602,1,0.669,0.015,-0.09,-0.542,1,0,0.4,0.384,5,6
1525417653.8355632,1,0.669,0.0,-0.023,0.667,1,0,0.4,0.384,5,7
1525417653.8675659,0,0.716,0.047,-0.015,0.083,1,0,0.4,0.384,5,8
1525417653.8995697,1,0.729,0.014,-0.046,-0.312,1,0,0.4,0.384,5,9
1525417653.9315722,1,0.737,0.008,0.006,0.521,1,0,0.4,0.384,5,10
1525417653.9638617,0,0.784,0.047,0.033,0.271,1,0,0.4,0.384,5,11
1525417653.9958644,0,0.799,0.015,0.017,-0.167,1,0,0.4,0.384,5,12
1525417654.0268674,0,0.772,-0.026,0.067,0.5,1,0,0.4,0.384,5,13
1525417654.0598702,1,0.748,-0.024,0.187,1.208,1,0,0.4,0.384,5,14
1525417654.075871,0,0.754,0.006,0.371,1.833,1,0,0.4,0.384,5,15
1525417654.1408772,0,0.802,0.001,0.525,0.625,1,0,0.4,0.384,5,16
1525417654.1728802,1,0.769,-0.032,0.702,1.771,1,0,0.4,0.384,5,17
1525417655.403268,0,0.0,0.0,0.0,0.0,0,1,0.4,0.384,5,18
1525417657.0329673,2,0.539,-0.004,0.048,0.229,1,0,0.4,0.38,6,0
1525417657.0439682,0,0.53,-0.009,0.05,0.021,1,0,0.4,0.38,6,1
1525417657.0969727,0,0.485,-0.022,0.169,0.688,1,0,0.4,0.38,6,2
1525417657.128976,1,0.459,-0.025,0.256,0.875,1,0,0.4,0.38,6,3
1525417657.1609793,1,0.464,0.005,0.369,1.125,1,0,0.4,0.38,6,4
1525417657.192982,1,0.512,0.048,0.438,0.687,1,0,0.4,0.38,6,5
1525417657.2249846,1,0.571,0.059,0.494,0.563,1,0,0.4,0.38,6,6
1525417657.2569878,1,0.635,0.065,0.581,0.875,1,0,0.4,0.38,6,7
1525417657.2889903,0,0.698,0.063,0.704,1.229,1,0,0.4,0.38,6,8
1525417658.5203204,0,0.0,0.0,0.0,0.0,0,1,0.4,0.38,6,9
1525417659.6556957,2,0.489,-0.007,0.069,0.187,1,0,0.4,0.376,7,0
1525417659.671697,0,0.477,-0.012,0.073,0.042,1,0,0.4,0.376,7,1
1525417659.718701,0,0.445,-0.022,0.165,0.646,1,0,0.4,0.376,7,2
1525417659.750704,1,0.42,-0.024,0.244,0.792,1,0,0.4,0.376,7,3
1525417659.7677057,1,0.43,0.01,0.342,0.979,1,0,0.4,0.376,7,4
1525417659.8007092,1,0.48,0.05,0.417,0.75,1,0,0.4,0.376,7,5
1525417659.8317115,1,0.539,0.059,0.467,0.5,1,0,0.4,0.376,7,6
1525417659.8637135,1,0.606,0.067,0.55,0.833,1,0,0.4,0.376,7,7
1525417659.895717,0,0.665,0.059,0.667,1.167,1,0,0.4,0.376,7,8
1525417661.141382,0,0.0,0.0,0.0,0.0,0,1,0.4,0.376,7,9
1525417662.2767596,2,0.451,-0.009,0.052,0.208,1,0,0.4,0.372,8,0
1525417662.292761,0,0.44,-0.011,0.056,0.042,1,0,0.4,0.372,8,1
1525417662.3417654,0,0.399,-0.023,0.173,0.667,1,0,0.4,0.372,8,2
1525417662.3727677,1,0.373,-0.025,0.258,0.854,1,0,0.4,0.372,8,3
1525417662.40477,1,0.382,0.009,0.365,1.063,1,0,0.4,0.372,8,4
1525417662.4367728,0,0.436,0.054,0.427,0.625,1,0,0.4,0.372,8,5
1525417662.4687757,0,0.45,0.014,0.471,0.437,1,0,0.4,0.372,8,6
1525417662.5007794,1,0.419,-0.03,0.625,1.542,1,0,0.4,0.372,8,7
1525417663.7321777,0,0.0,0.0,0.0,0.0,0,1,0.4,0.372,8,8
1525417665.23588,2,0.536,-0.007,0.056,0.187,1,0,0.4,0.368,9,0
1525417665.2518811,0,0.525,-0.011,0.077,0.208,1,0,0.4,0.368,9,1
1525417665.2988853,0,0.495,-0.021,0.146,0.604,1,0,0.4,0.368,9,2
1525417665.330888,1,0.465,-0.029,0.225,0.792,1,0,0.4,0.368,9,3
1525417665.362891,0,0.468,0.003,0.321,0.958,1,0,0.4,0.368,9,4
1525417665.394894,1,0.475,0.007,0.385,0.646,1,0,0.4,0.368,9,5
1525417665.4258966,1,0.487,0.012,0.554,1.688,1,0,0.4,0.368,9,6
1525417665.442898,0,0.534,0.047,0.663,1.083,1,0,0.4,0.368,9,7
1525417665.475901,0,0.543,0.01,0.8,1.375,1,0,0.4,0.368,9,8
1525417666.721295,0,0.0,0.0,0.0,0.0,0,1,0.4,0.368,9,9
1525417667.9366543,2,0.451,-0.015,0.033,0.125,1,0,0.4,0.364,10,0
1525417667.9526558,0,0.438,-0.013,0.05,0.167,1,0,0.4,0.364,10,1
1525417667.9996598,1,0.4,-0.025,0.129,0.604,1,0,0.4,0.364,10,2
1525417668.031958,0,0.406,0.006,0.204,0.75,1,0,0.4,0.364,10,3
1525417668.0489597,1,0.414,0.009,0.256,0.521,1,0,0.4,0.364,10,4
1525417668.0809627,0,0.418,0.004,0.296,0.396,1,0,0.4,0.364,10,5
1525417668.1129653,1,0.427,0.009,0.396,1.0,1,0,0.4,0.364,10,6
1525417668.1449683,0,0.438,0.011,0.602,2.062,1,0,0.4,0.364,10,7
1525417668.1769712,0,0.441,0.003,0.729,1.271,1,0,0.4,0.364,10,8
1525417669.4083614,0,0.0,0.0,0.0,0.0,0,1,0.4,0.364,10,9
1525417670.6857598,2,0.469,-0.009,0.017,0.229,1,0,0.4,0.36000000000000004,11,0
1525417670.7017612,0,0.457,-0.012,0.033,0.167,1,0,0.4,0.36000000000000004,11,1
1525417670.7507653,0,0.415,-0.025,0.129,0.667,1,0,0.4,0.36000000000000004,11,2
1525417670.7827685,1,0.391,-0.024,0.206,0.771,1,0,0.4,0.36000000000000004,11,3
1525417670.814771,0,0.399,0.008,0.308,1.021,1,0,0.4,0.36000000000000004,11,4
1525417670.8467743,1,0.412,0.013,0.387,0.792,1,0,0.4,0.36000000000000004,11,5
1525417670.8777761,0,0.413,0.002,0.544,1.562,1,0,0.4,0.36000000000000004,11,6
1525417670.9097786,0,0.418,0.005,0.692,1.479,1,0,0.4,0.36000000000000004,11,7
1525417672.1424675,0,0.0,0.0,0.0,0.0,0,1,0.4,0.36000000000000004,11,8
1525417673.4198277,2,0.467,-0.012,0.067,0.104,1,0,0.4,0.35600000000000004,12,0
1525417673.4358292,1,0.458,-0.009,0.079,0.125,1,0,0.4,0.35600000000000004,12,1
1525417673.484835,0,0.441,0.004,0.194,0.667,1,0,0.4,0.35600000000000004,12,2
1525417673.5168376,0,0.448,0.007,0.183,-0.104,1,0,0.4,0.35600000000000004,12,3
1525417673.54884,0,0.417,-0.03,0.269,0.854,1,0,0.4,0.35600000000000004,12,4
1525417673.5808434,1,0.392,-0.025,0.381,1.125,1,0,0.4,0.35600000000000004,12,5
1525417673.6128457,1,0.399,0.007,0.521,1.396,1,0,0.4,0.35600000000000004,12,6
1525417673.6448486,0,0.451,0.052,0.625,1.042,1,0,0.4,0.35600000000000004,12,7
1525417673.6768515,0,0.465,0.015,0.729,1.042,1,0,0.4,0.35600000000000004,12,8
1525417674.907262,0,0.0,0.0,0.0,0.0,0,1,0.4,0.35600000000000004,12,9
1525417676.1549408,2,0.464,-0.007,0.06,0.167,1,0,0.4,0.35200000000000004,13,0
1525417676.1709418,0,0.456,-0.009,0.065,0.042,1,0,0.4,0.35200000000000004,13,1
1525417676.2179463,0,0.42,-0.022,0.148,0.583,1,0,0.4,0.35200000000000004,13,2
1525417676.2499492,1,0.392,-0.028,0.223,0.75,1,0,0.4,0.35200000000000004,13,3
1525417676.280952,1,0.403,0.011,0.317,0.938,1,0,0.4,0.35200000000000004,13,4
1525417676.3129547,1,0.457,0.055,0.36,0.438,1,0,0.4,0.35200000000000004,13,5
1525417676.3309565,1,0.516,0.059,0.392,0.312,1,0,0.4,0.35200000000000004,13,6
1525417676.3629594,1,0.575,0.059,0.45,0.583,1,0,0.4,0.35200000000000004,13,7
1525417676.3949618,1,0.64,0.065,0.542,0.917,1,0,0.4,0.35200000000000004,13,8
1525417676.4269652,0,0.7,0.06,0.671,1.292,1,0,0.4,0.35200000000000004,13,9
1525417677.6723657,1,0.0,0.0,0.0,0.0,0,1,0.4,0.35200000000000004,13,10
1525417678.8077524,2,0.51,0.013,0.044,0.146,1,0,0.4,0.34800000000000003,14,0
1525417678.8237536,0,0.531,0.021,0.046,0.021,1,0,0.4,0.34800000000000003,14,1
1525417678.8727582,0,0.574,0.003,-0.031,-0.542,1,0,0.4,0.34800000000000003,14,2
1525417678.9037602,1,0.546,-0.027,0.021,0.521,1,0,0.4,0.34800000000000003,14,3
1525417678.935763,1,0.548,0.002,0.1,0.792,1,0,0.4,0.34800000000000003,14,4
1525417678.9677668,1,0.597,0.049,0.115,0.146,1,0,0.4,0.34800000000000003,14,5
1525417678.9997692,0,0.655,0.058,0.096,-0.188,1,0,0.4,0.34800000000000003,14,6
1525417679.031772,0,0.669,0.014,0.075,-0.208,1,0,0.4,0.34800000000000003,14,7
1525417679.0637753,0,0.638,-0.03,0.148,0.729,1,0,0.4,0.34800000000000003,14,8
1525417679.0950909,1,0.605,-0.033,0.285,1.375,1,0,0.4,0.34800000000000003,14,9
1525417679.1270938,1,0.603,-0.002,0.45,1.646,1,0,0.4,0.34800000000000003,14,10
1525417679.1590965,0,0.652,0.049,0.596,1.458,1,0,0.4,0.34800000000000003,14,11
1525417679.1910992,0,0.664,0.012,0.773,1.771,1,0,0.4,0.34800000000000003,14,12
1525417680.422491,0,0.0,0.0,0.0,0.0,0,1,0.4,0.34800000000000003,14,13
1525417681.5738697,2,0.446,-0.011,0.069,0.125,1,0,0.4,0.34400000000000003,15,0
1525417681.5898714,0,0.434,-0.012,0.079,0.104,1,0,0.4,0.34400000000000003,15,1
1525417681.6368773,0,0.402,-0.023,0.148,0.396,1,0,0.4,0.34400000000000003,15,2
1525417681.6538777,0,0.38,-0.022,0.24,0.917,1,0,0.4,0.34400000000000003,15,3
1525417681.6868804,1,0.353,-0.027,0.329,0.896,1,0,0.4,0.34400000000000003,15,4
1525417681.7168818,1,0.359,0.006,0.446,1.167,1,0,0.4,0.34400000000000003,15,5
1525417681.749885,0,0.411,0.052,0.51,0.646,1,0,0.4,0.34400000000000003,15,6
1525417681.7818882,0,0.428,0.018,0.573,0.625,1,0,0.4,0.34400000000000003,15,7
1525417681.8138912,0,0.397,-0.031,0.756,1.833,1,0,0.4,0.34400000000000003,15,8
1525417683.0452867,0,0.0,0.0,0.0,0.0,0,1,0.4,0.34400000000000003,15,9
1525417684.3389227,2,0.471,-0.012,0.065,0.167,1,0,0.4,0.34,16,0
1525417684.3549237,0,0.463,-0.008,0.077,0.125,1,0,0.4,0.34,16,1
1525417684.3869264,0,0.429,-0.021,0.146,0.542,1,0,0.4,0.34,16,2
1525417684.4199302,0,0.405,-0.024,0.219,0.729,1,0,0.4,0.34,16,3
1525417684.4519334,1,0.375,-0.029,0.302,0.833,1,0,0.4,0.34,16,4
1525417684.483936,1,0.383,0.008,0.413,1.104,1,0,0.4,0.34,16,5
1525417684.514938,0,0.438,0.055,0.535,1.229,1,0,0.4,0.34,16,6
1525417684.5469408,0,0.452,0.014,0.604,0.688,1,0,0.4,0.34,16,7
1525417685.7793396,0,0.0,0.0,0.0,0.0,0,1,0.4,0.34,16,8
1525417687.057734,2,0.468,-0.007,0.027,0.187,1,0,0.4,0.336,17,0
1525417687.0737357,1,0.458,-0.01,0.044,0.167,1,0,0.4,0.336,17,1
1525417687.1060202,0,0.46,0.017,0.112,0.542,1,0,0.4,0.336,17,2
1525417687.1380217,1,0.467,0.007,0.123,0.104,1,0,0.4,0.336,17,3
1525417687.170024,0,0.472,0.005,0.169,0.458,1,0,0.4,0.336,17,4
1525417687.2020273,1,0.475,0.003,0.229,0.604,1,0,0.4,0.336,17,5
1525417687.2340295,1,0.481,0.006,0.304,0.75,1,0,0.4,0.336,17,6
1525417687.2660325,1,0.525,0.044,0.44,1.354,1,0,0.4,0.336,17,7
1525417687.2980354,1,0.579,0.054,0.529,0.896,1,0,0.4,0.336,17,8
1525417687.330038,0,0.633,0.055,0.65,1.208,1,0,0.4,0.336,17,9
1525417688.5594304,0,0.0,0.0,0.0,0.0,0,1,0.4,0.336,17,10
1525417689.711835,2,0.446,-0.013,0.067,0.146,1,0,0.4,0.332,18,0
1525417689.7278366,1,0.435,-0.011,0.077,0.104,1,0,0.4,0.332,18,1
1525417689.7758405,0,0.438,0.014,0.177,0.667,1,0,0.4,0.332,18,2
1525417689.8078434,1,0.446,0.008,0.154,-0.229,1,0,0.4,0.332,18,3
1525417689.8398466,1,0.45,0.004,0.231,0.771,1,0,0.4,0.332,18,4
1525417689.8718493,1,0.496,0.046,0.262,0.312,1,0,0.4,0.332,18,5
1525417689.9028513,0,0.55,0.055,0.277,0.146,1,0,0.4,0.332,18,6
1525417689.934854,0,0.568,0.018,0.304,0.271,1,0,0.4,0.332,18,7
1525417689.9668572,1,0.538,-0.03,0.44,1.354,1,0,0.4,0.332,18,8
1525417689.9988604,1,0.539,0.001,0.646,2.062,1,0,0.4,0.332,18,9
1525417691.2305381,0,0.0,0.0,0.0,0.0,0,1,0.4,0.332,18,10
1525417692.8769724,2,0.539,-0.004,0.065,0.208,1,0,0.4,0.328,19,0
1525417692.8929737,0,0.529,-0.01,0.083,0.188,1,0,0.4,0.328,19,1
1525417692.9399774,0,0.5,-0.019,0.156,0.583,1,0,0.4,0.328,19,2
1525417692.97198,1,0.472,-0.027,0.231,0.75,1,0,0.4,0.328,19,3
1525417693.0039837,1,0.477,0.005,0.325,0.937,1,0,0.4,0.328,19,4
1525417693.0209846,1,0.526,0.049,0.39,0.646,1,0,0.4,0.328,19,5
1525417693.052987,1,0.584,0.058,0.444,0.542,1,0,0.4,0.328,19,6
1525417693.0849905,1,0.648,0.065,0.51,0.667,1,0,0.4,0.328,19,7
1525417693.1169937,0,0.712,0.064,0.608,0.979,1,0,0.4,0.328,19,8
1525417693.149273,0,0.732,0.021,0.746,1.375,1,0,0.4,0.328,19,9
1525417694.3806548,1,0.0,0.0,0.0,0.0,0,1,0.4,0.328,19,10
1525417695.5150607,2,0.491,0.013,0.05,0.146,1,0,0.4,0.324,20,0
1525417695.531062,0,0.507,0.017,0.052,0.021,1,0,0.4,0.324,20,1
1525417695.579066,0,0.534,0.001,0.008,-0.354,1,0,0.4,0.324,20,2
1525417695.611069,0,0.508,-0.025,0.021,0.125,1,0,0.4,0.324,20,3
1525417695.6440742,1,0.48,-0.028,0.094,0.729,1,0,0.4,0.324,20,4
1525417695.6750748,0,0.489,0.009,0.169,0.75,1,0,0.4,0.324,20,5
1525417695.7070785,1,0.5,0.011,0.221,0.521,1,0,0.4,0.324,20,6
1525417695.7390804,1,0.5,0.001,0.294,0.729,1,0,0.4,0.324,20,7
1525417695.771083,1,0.543,0.043,0.371,0.771,1,0,0.4,0.324,20,8
1525417695.8030868,1,0.596,0.053,0.431,0.604,1,0,0.4,0.324,20,9
1525417695.8340888,1,0.656,0.06,0.508,0.771,1,0,0.4,0.324,20,10
1525417695.866092,0,0.714,0.058,0.617,1.083,1,0,0.4,0.324,20,11
1525417695.8980942,0,0.72,0.007,0.771,1.542,1,0,0.4,0.324,20,12
1525417697.129478,0,0.0,0.0,0.0,0.0,0,1,0.4,0.324,20,13
1525417698.264143,2,0.483,-0.009,0.021,0.167,1,0,0.4,0.32,21,0
1525417698.2801445,1,0.472,-0.011,0.038,0.167,1,0,0.4,0.32,21,1
1525417698.3131483,1,0.477,0.013,0.11,0.583,1,0,0.4,0.32,21,2
1525417698.3451512,0,0.522,0.045,0.123,0.125,1,0,0.4,0.32,21,3
1525417698.3911555,1,0.533,0.011,0.108,-0.146,1,0,0.4,0.32,21,4
1525417698.4091566,1,0.539,0.006,0.152,0.438,1,0,0.4,0.32,21,5
1525417698.44116,0,0.583,0.044,0.244,0.917,1,0,0.4,0.32,21,6
1525417698.4731624,0,0.595,0.013,0.283,0.396,1,0,0.4,0.32,21,7
1525417698.5051653,0,0.563,-0.032,0.425,1.417,1,0,0.4,0.32,21,8
1525417698.5361674,0,0.533,-0.03,0.64,2.146,1,0,0.4,0.32,21,9
1525417699.7675588,0,0.0,0.0,0.0,0.0,0,1,0.4,0.32,21,10
1525417700.9829793,2,0.457,-0.008,0.021,0.271,1,0,0.4,0.316,22,0
1525417700.9989805,0,0.446,-0.012,0.044,0.229,1,0,0.4,0.316,22,1
1525417701.045985,1,0.413,-0.018,0.127,0.646,1,0,0.4,0.316,22,2
1525417701.0779877,0,0.423,0.011,0.206,0.792,1,0,0.4,0.316,22,3
1525417701.1099906,1,0.432,0.009,0.237,0.312,1,0,0.4,0.316,22,4
1525417701.1409936,1,0.436,0.004,0.31,0.729,1,0,0.4,0.316,22,5
1525417701.1589956,0,0.479,0.043,0.442,1.312,1,0,0.4,0.316,22,6
1525417701.1902869,0,0.49,0.011,0.525,0.833,1,0,0.4,0.316,22,7
1525417701.2222898,0,0.454,-0.036,0.748,2.229,1,0,0.4,0.316,22,8
1525417702.4677749,0,0.0,0.0,0.0,0.0,0,1,0.4,0.316,22,9
1525417703.7171814,2,0.464,-0.014,0.021,0.167,1,0,0.4,0.31200000000000006,23,0
1525417703.733183,0,0.455,-0.01,0.031,0.104,1,0,0.4,0.31200000000000006,23,1
1525417703.7811873,1,0.42,-0.023,0.098,0.354,1,0,0.4,0.31200000000000006,23,2
1525417703.8131897,1,0.431,0.011,0.175,0.771,1,0,0.4,0.31200000000000006,23,3
1525417703.8451936,1,0.483,0.052,0.19,0.146,1,0,0.4,0.31200000000000006,23,4
1525417703.8771963,0,0.536,0.053,0.194,0.042,1,0,0.4,0.31200000000000006,23,5
1525417703.908198,1,0.553,0.018,0.206,0.125,1,0,0.4,0.31200000000000006,23,6
1525417703.9402008,0,0.557,0.004,0.373,1.667,1,0,0.4,0.31200000000000006,23,7
1525417703.9722042,1,0.558,0.001,0.481,1.083,1,0,0.4,0.31200000000000006,23,8
1525417704.0042071,1,0.562,0.004,0.717,2.354,1,0,0.4,0.31200000000000006,23,9
1525417705.235886,0,0.0,0.0,0.0,0.0,0,1,0.4,0.31200000000000006,23,10
1525417706.8673134,2,0.537,-0.009,-0.083,0.0,1,0,0.4,0.30800000000000005,24,0
1525417706.883314,0,0.528,-0.009,-0.088,-0.042,1,0,0.4,0.30800000000000005,24,1
1525417706.9303174,0,0.496,-0.02,-0.046,0.292,1,0,0.4,0.30800000000000005,24,2
1525417706.96232,0,0.47,-0.025,-0.006,0.396,1,0,0.4,0.30800000000000005,24,3
1525417706.993323,0,0.442,-0.028,0.038,0.438,1,0,0.4,0.30800000000000005,24,4
1525417707.0253258,1,0.414,-0.027,0.09,0.521,1,0,0.4,0.30800000000000005,24,5
1525417707.0573287,0,0.42,0.006,0.16,0.708,1,0,0.4,0.30800000000000005,24,6
1525417707.0893314,1,0.431,0.011,0.181,0.208,1,0,0.4,0.30800000000000005,24,7
1525417707.1213348,0,0.438,0.007,0.275,0.938,1,0,0.4,0.30800000000000005,24,8
1525417707.153338,1,0.435,-0.003,0.315,0.396,1,0,0.4,0.30800000000000005,24,9
1525417707.1843407,1,0.44,0.005,0.494,1.792,1,0,0.4,0.30800000000000005,24,10
1525417707.2166278,1,0.485,0.045,0.615,1.208,1,0,0.4,0.30800000000000005,24,11
1525417707.2336285,0,0.539,0.054,0.76,1.458,1,0,0.4,0.30800000000000005,24,12
1525417708.4800208,0,0.0,0.0,0.0,0.0,0,1,0.4,0.30800000000000005,24,13
1525417709.6794057,2,0.457,-0.012,0.008,0.25,1,0,0.4,0.30400000000000005,25,0
1525417709.6954057,1,0.446,-0.011,0.012,0.042,1,0,0.4,0.30400000000000005,25,1
1525417709.74341,0,0.447,0.012,0.081,0.375,1,0,0.4,0.30400000000000005,25,2
1525417709.775413,0,0.457,0.011,0.106,0.25,1,0,0.4,0.30400000000000005,25,3
1525417709.8074157,1,0.429,-0.028,0.165,0.583,1,0,0.4,0.30400000000000005,25,4
1525417709.8394186,0,0.432,0.003,0.281,1.167,1,0,0.4,0.30400000000000005,25,5
1525417709.8714216,0,0.439,0.007,0.36,0.792,1,0,0.4,0.30400000000000005,25,6
1525417709.9024236,0,0.413,-0.026,0.477,1.167,1,0,0.4,0.30400000000000005,25,7
1525417709.9344265,1,0.379,-0.033,0.681,2.042,1,0,0.4,0.30400000000000005,25,8
1525417711.1668153,0,0.0,0.0,0.0,0.0,0,1,0.4,0.30400000000000005,25,9
1525417712.6375148,2,0.532,-0.008,0.035,0.167,1,0,0.4,0.30000000000000004,26,0
1525417712.6535163,1,0.524,-0.008,0.04,0.042,1,0,0.4,0.30000000000000004,26,1
1525417712.70052,0,0.522,0.009,0.127,0.604,1,0,0.4,0.30000000000000004,26,2
1525417712.7325227,1,0.529,0.007,0.129,0.021,1,0,0.4,0.30000000000000004,26,3
1525417712.7645254,0,0.533,0.004,0.196,0.667,1,0,0.4,0.30000000000000004,26,4
1525417712.7955282,0,0.535,0.002,0.237,0.417,1,0,0.4,0.30000000000000004,26,5
1525417712.8135297,0,0.51,-0.024,0.34,1.021,1,0,0.4,0.30000000000000004,26,6
1525417712.8455327,0,0.48,-0.03,0.498,1.583,1,0,0.4,0.30000000000000004,26,7
1525417712.8775356,0,0.448,-0.032,0.694,1.958,1,0,0.4,0.30000000000000004,26,8
1525417714.1229289,0,0.0,0.0,0.0,0.0,0,1,0.4,0.30000000000000004,26,9
1525417715.386607,2,0.469,-0.008,0.092,0.188,1,0,0.4,0.29600000000000004,27,0
1525417715.402613,1,0.457,-0.012,0.11,0.187,1,0,0.4,0.29600000000000004,27,1
1525417715.4516125,0,0.444,0.008,0.213,0.688,1,0,0.4,0.29600000000000004,27,2
1525417715.4836154,0,0.452,0.008,0.235,0.229,1,0,0.4,0.29600000000000004,27,3
1525417715.514618,0,0.421,-0.03,0.292,0.562,1,0,0.4,0.29600000000000004,27,4
1525417715.5466206,0,0.396,-0.025,0.454,1.625,1,0,0.4,0.29600000000000004,27,5
1525417715.5786233,0,0.368,-0.028,0.61,1.562,1,0,0.4,0.29600000000000004,27,6
1525417716.809044,0,0.0,0.0,0.0,0.0,0,1,0.4,0.29600000000000004,27,7
1525417718.105445,2,0.469,-0.013,0.069,0.063,1,0,0.4,0.29200000000000004,28,0
1525417718.1214466,0,0.459,-0.01,0.071,0.021,1,0,0.4,0.29200000000000004,28,1
1525417718.1684508,1,0.424,-0.022,0.142,0.396,1,0,0.4,0.29200000000000004,28,2
1525417718.200454,1,0.432,0.008,0.215,0.729,1,0,0.4,0.29200000000000004,28,3
1525417718.2314563,1,0.485,0.053,0.229,0.146,1,0,0.4,0.29200000000000004,28,4
1525417718.2637568,1,0.541,0.056,0.221,-0.083,1,0,0.4,0.29200000000000004,28,5
1525417718.2807584,0,0.604,0.064,0.225,0.042,1,0,0.4,0.29200000000000004,28,6
1525417718.312761,0,0.621,0.017,0.24,0.146,1,0,0.4,0.29200000000000004,28,7
1525417718.344764,0,0.591,-0.029,0.396,1.563,1,0,0.4,0.29200000000000004,28,8
1525417718.376767,1,0.558,-0.033,0.596,2.0,1,0,0.4,0.29200000000000004,28,9
1525417719.6081734,0,0.0,0.0,0.0,0.0,0,1,0.4,0.29200000000000004,28,10
1525417721.2548947,2,0.537,-0.007,0.065,0.125,1,0,0.4,0.28800000000000003,29,0
1525417721.270897,0,0.53,-0.007,0.077,0.125,1,0,0.4,0.28800000000000003,29,1
1525417721.3179,0,0.495,-0.024,0.142,0.521,1,0,0.4,0.28800000000000003,29,2
1525417721.3499029,1,0.469,-0.025,0.215,0.729,1,0,0.4,0.28800000000000003,29,3
1525417721.3809056,1,0.473,0.004,0.302,0.875,1,0,0.4,0.28800000000000003,29,4
1525417721.4129086,1,0.523,0.05,0.377,0.75,1,0,0.4,0.28800000000000003,29,5
1525417721.4299095,0,0.581,0.058,0.435,0.583,1,0,0.4,0.28800000000000003,29,6
1525417721.4619124,1,0.597,0.017,0.496,0.604,1,0,0.4,0.28800000000000003,29,7
1525417721.4939153,1,0.599,0.002,0.733,2.375,1,0,0.4,0.28800000000000003,29,8
1525417722.7253141,0,0.0,0.0,0.0,0.0,0,1,0.4,0.28800000000000003,29,9
1525417724.403028,2,0.536,-0.007,0.054,0.167,1,0,0.4,0.28400000000000003,30,0
1525417724.42003,0,0.525,-0.011,0.058,0.042,1,0,0.4,0.28400000000000003,30,1
1525417724.4520319,0,0.493,-0.022,0.142,0.563,1,0,0.4,0.28400000000000003,30,2
1525417724.4840353,0,0.467,-0.025,0.221,0.792,1,0,0.4,0.28400000000000003,30,3
1525417724.5150373,0,0.438,-0.029,0.317,0.958,1,0,0.4,0.28400000000000003,30,4
1525417724.54704,0,0.406,-0.032,0.442,1.25,1,0,0.4,0.28400000000000003,30,5
1525417724.5800438,0,0.376,-0.029,0.6,1.583,1,0,0.4,0.28400000000000003,30,6
1525417725.81143,0,0.0,0.0,0.0,0.0,0,1,0.4,0.28400000000000003,30,7
1525417727.120819,2,0.474,-0.01,0.056,0.146,1,0,0.4,0.28,31,0
1525417727.1368208,0,0.462,-0.012,0.069,0.125,1,0,0.4,0.28,31,1
1525417727.1858256,0,0.417,-0.023,0.158,0.417,1,0,0.4,0.28,31,2
1525417727.2178278,0,0.39,-0.027,0.26,1.021,1,0,0.4,0.28,31,3
1525417727.2498305,1,0.363,-0.027,0.363,1.021,1,0,0.4,0.28,31,4
1525417727.2811098,1,0.362,-0.001,0.49,1.271,1,0,0.4,0.28,31,5
1525417727.3131127,1,0.411,0.049,0.583,0.937,1,0,0.4,0.28,31,6
1525417727.3451154,0,0.471,0.061,0.667,0.833,1,0,0.4,0.28,31,7
1525417727.3761184,0,0.482,0.011,0.788,1.208,1,0,0.4,0.28,31,8
1525417728.6085048,0,0.0,0.0,0.0,0.0,0,1,0.4,0.28,31,9
1525417729.8559206,2,0.466,-0.01,0.054,0.146,1,0,0.4,0.276,32,0
1525417729.872922,0,0.458,-0.008,0.071,0.167,1,0,0.4,0.276,32,1
1525417729.919926,0,0.425,-0.021,0.142,0.542,1,0,0.4,0.276,32,2
1525417729.9519289,0,0.398,-0.027,0.213,0.708,1,0,0.4,0.276,32,3
1525417729.9839313,1,0.367,-0.031,0.3,0.875,1,0,0.4,0.276,32,4
1525417730.0159342,0,0.376,0.01,0.463,1.625,1,0,0.4,0.276,32,5
1525417730.047937,0,0.387,0.011,0.498,0.354,1,0,0.4,0.276,32,6
1525417730.07894,0,0.359,-0.028,0.669,1.708,1,0,0.4,0.276,32,7
1525417731.310548,0,0.0,0.0,0.0,0.0,0,1,0.4,0.276,32,8
1525417732.605903,2,0.467,-0.013,0.056,0.146,1,0,0.4,0.272,33,0
1525417732.6219041,1,0.453,-0.015,0.073,0.167,1,0,0.4,0.272,33,1
1525417732.669908,1,0.451,0.011,0.148,0.396,1,0,0.4,0.272,33,2
1525417732.7019112,1,0.498,0.047,0.179,0.312,1,0,0.4,0.272,33,3
1525417732.733914,1,0.555,0.058,0.15,-0.292,1,0,0.4,0.272,33,4
1525417732.764917,1,0.617,0.062,0.121,-0.292,1,0,0.4,0.272,33,5
1525417732.7969196,0,0.685,0.068,0.104,-0.167,1,0,0.4,0.272,33,6
1525417732.8289225,0,0.709,0.023,0.09,-0.146,1,0,0.4,0.272,33,7
1525417732.860926,0,0.68,-0.028,0.165,0.75,1,0,0.4,0.272,33,8
1525417732.8929286,0,0.649,-0.031,0.319,1.542,1,0,0.4,0.272,33,9
1525417732.92393,0,0.616,-0.033,0.494,1.75,1,0,0.4,0.272,33,10
1525417732.955933,0,0.575,-0.041,0.71,2.167,1,0,0.4,0.272,33,11
1525417734.1872873,0,0.0,0.0,0.0,0.0,0,1,0.4,0.272,33,12
1525417735.4021356,2,0.454,-0.01,0.002,-0.021,1,0,0.4,0.268,34,0
1525417735.4181373,1,0.442,-0.012,0.008,0.063,1,0,0.4,0.268,34,1
1525417735.4671414,1,0.433,0.014,0.067,0.396,1,0,0.4,0.268,34,2
1525417735.4991453,0,0.489,0.056,0.044,-0.229,1,0,0.4,0.268,34,3
1525417735.5311482,1,0.502,0.014,-0.031,-0.75,1,0,0.4,0.268,34,4
1525417735.5621493,1,0.514,0.012,-0.027,0.042,1,0,0.4,0.268,34,5
1525417735.5941522,0,0.56,0.046,-0.077,-0.5,1,0,0.4,0.268,34,6
1525417735.6271555,1,0.574,0.014,-0.165,-0.875,1,0,0.4,0.268,34,7
1525417735.6581585,1,0.579,0.005,-0.167,-0.021,1,0,0.4,0.268,34,8
1525417735.6901612,0,0.627,0.048,-0.223,-0.562,1,0,0.4,0.268,34,9
1525417735.7221644,1,0.643,0.017,-0.348,-1.25,1,0,0.4,0.268,34,10
1525417735.7541673,1,0.646,0.003,-0.425,-0.771,1,0,0.4,0.268,34,11
1525417735.7861698,1,0.692,0.046,-0.531,-1.062,1,0,0.4,0.268,34,12
1525417735.8181727,0,0.751,0.059,-0.74,-2.083,1,0,0.4,0.268,34,13
1525417737.0495684,0,0.0,0.0,0.0,0.0,0,1,0.4,0.268,34,14
1525417738.2799308,2,0.541,-0.007,0.088,0.187,1,0,0.4,0.264,35,0
1525417738.2959323,0,0.533,-0.008,0.11,0.229,1,0,0.4,0.264,35,1
1525417738.3452318,0,0.496,-0.018,0.208,0.646,1,0,0.4,0.264,35,2
1525417738.3772345,1,0.466,-0.029,0.29,0.813,1,0,0.4,0.264,35,3
1525417738.4092376,0,0.471,0.005,0.398,1.083,1,0,0.4,0.264,35,4
1525417738.4412518,0,0.476,0.005,0.471,0.729,1,0,0.4,0.264,35,5
1525417738.4722426,0,0.447,-0.029,0.667,1.958,1,0,0.4,0.264,35,6
1525417739.703641,0,0.0,0.0,0.0,0.0,0,1,0.4,0.264,35,7
1525417740.9660287,2,0.467,-0.008,0.079,0.187,1,0,0.4,0.26,36,0
1525417740.9830306,0,0.458,-0.009,0.096,0.167,1,0,0.4,0.26,36,1
1525417741.0310352,0,0.423,-0.022,0.165,0.563,1,0,0.4,0.26,36,2
1525417741.062038,0,0.399,-0.024,0.237,0.729,1,0,0.4,0.26,36,3
1525417741.0940404,0,0.368,-0.031,0.325,0.875,1,0,0.4,0.26,36,4
1525417741.126043,0,0.338,-0.029,0.435,1.104,1,0,0.4,0.26,36,5
1525417741.158046,0,0.312,-0.026,0.575,1.396,1,0,0.4,0.26,36,6
1525417741.1890488,0,0.283,-0.029,0.756,1.813,1,0,0.4,0.26,36,7
1525417742.4207177,0,0.0,0.0,0.0,0.0,0,1,0.4,0.26,36,8
1525417743.7481208,2,0.472,-0.012,0.069,0.167,1,0,0.4,0.256,37,0
1525417743.7631223,0,0.464,-0.008,0.085,0.167,1,0,0.4,0.256,37,1
1525417743.8121264,1,0.418,-0.023,0.175,0.417,1,0,0.4,0.256,37,2
1525417743.8441296,0,0.424,0.006,0.25,0.75,1,0,0.4,0.256,37,3
1525417743.8761327,0,0.434,0.01,0.281,0.312,1,0,0.4,0.256,37,4
1525417743.9081347,0,0.406,-0.028,0.394,1.125,1,0,0.4,0.256,37,5
1525417743.9391372,0,0.378,-0.027,0.55,1.562,1,0,0.4,0.256,37,6
1525417743.9721408,0,0.345,-0.033,0.74,1.896,1,0,0.4,0.256,37,7
1525417745.203552,1,0.0,0.0,0.0,0.0,0,1,0.4,0.256,37,8
1525417746.513243,2,0.499,0.017,0.079,0.187,1,0,0.4,0.252,38,0
1525417746.5292435,0,0.52,0.022,0.088,0.083,1,0,0.4,0.252,38,1
1525417746.5772479,0,0.562,0.005,0.015,-0.417,1,0,0.4,0.252,38,2
1525417746.6102514,0,0.534,-0.028,0.029,0.146,1,0,0.4,0.252,38,3
1525417746.6422546,0,0.503,-0.03,0.098,0.688,1,0,0.4,0.252,38,4
1525417746.6742575,0,0.473,-0.03,0.173,0.75,1,0,0.4,0.252,38,5
1525417746.7052593,0,0.45,-0.023,0.256,0.833,1,0,0.4,0.252,38,6
1525417746.737263,0,0.415,-0.034,0.365,1.083,1,0,0.4,0.252,38,7
1525417746.7692657,0,0.386,-0.029,0.498,1.333,1,0,0.4,0.252,38,8
1525417746.801269,0,0.353,-0.033,0.669,1.708,1,0,0.4,0.252,38,9
1525417748.0326824,0,0.0,0.0,0.0,0.0,0,1,0.4,0.252,38,10
1525417749.3280814,2,0.472,-0.012,0.077,0.167,1,0,0.4,0.24800000000000003,39,0
1525417749.3440814,0,0.461,-0.011,0.083,0.063,1,0,0.4,0.24800000000000003,39,1
1525417749.3923688,0,0.426,-0.025,0.156,0.375,1,0,0.4,0.24800000000000003,39,2
1525417749.4243715,0,0.399,-0.027,0.256,1.0,1,0,0.4,0.24800000000000003,39,3
1525417749.4563744,0,0.37,-0.028,0.35,0.938,1,0,0.4,0.24800000000000003,39,4
1525417749.488377,0,0.339,-0.031,0.471,1.208,1,0,0.4,0.24800000000000003,39,5
1525417749.5193818,0,0.313,-0.026,0.621,1.5,1,0,0.4,0.24800000000000003,39,6
1525417750.7507737,0,0.0,0.0,0.0,0.0,0,1,0.4,0.24800000000000003,39,7
1525417752.0621707,2,0.473,-0.01,0.096,0.167,1,0,0.4,0.24400000000000002,40,0
1525417752.0781715,0,0.465,-0.008,0.117,0.208,1,0,0.4,0.24400000000000002,40,1
1525417752.126176,0,0.429,-0.023,0.192,0.583,1,0,0.4,0.24400000000000002,40,2
1525417752.158179,0,0.4,-0.029,0.267,0.75,1,0,0.4,0.24400000000000002,40,3
1525417752.1901817,0,0.369,-0.031,0.36,0.938,1,0,0.4,0.24400000000000002,40,4
1525417752.222185,0,0.34,-0.028,0.477,1.167,1,0,0.4,0.24400000000000002,40,5
1525417752.2541876,1,0.31,-0.03,0.623,1.458,1,0,0.4,0.24400000000000002,40,6
1525417753.48482,0,0.0,0.0,0.0,0.0,0,1,0.4,0.24400000000000002,40,7
1525417754.90723,2,0.536,-0.009,0.102,0.187,1,0,0.4,0.24000000000000002,41,0
1525417754.9232314,0,0.528,-0.008,0.115,0.125,1,0,0.4,0.24000000000000002,41,1
1525417754.970234,0,0.496,-0.022,0.202,0.604,1,0,0.4,0.24000000000000002,41,2
1525417755.0022373,0,0.468,-0.027,0.279,0.771,1,0,0.4,0.24000000000000002,41,3
1525417755.03424,0,0.441,-0.027,0.375,0.958,1,0,0.4,0.24000000000000002,41,4
1525417755.051242,0,0.411,-0.03,0.502,1.271,1,0,0.4,0.24000000000000002,41,5
1525417755.0832446,1,0.374,-0.036,0.663,1.604,1,0,0.4,0.24000000000000002,41,6
1525417756.329638,0,0.0,0.0,0.0,0.0,0,1,0.4,0.24000000000000002,41,7
1525417757.8333783,2,0.54,-0.005,0.098,0.083,1,0,0.4,0.23600000000000002,42,0
1525417757.8493795,0,0.528,-0.012,0.106,0.083,1,0,0.4,0.23600000000000002,42,1
1525417757.8963833,0,0.499,-0.018,0.185,0.563,1,0,0.4,0.23600000000000002,42,2
1525417757.928387,0,0.468,-0.03,0.252,0.667,1,0,0.4,0.23600000000000002,42,3
1525417757.9603896,0,0.44,-0.028,0.34,0.875,1,0,0.4,0.23600000000000002,42,4
1525417757.9923928,0,0.406,-0.034,0.456,1.167,1,0,0.4,0.23600000000000002,42,5
1525417758.0243955,0,0.366,-0.04,0.61,1.542,1,0,0.4,0.23600000000000002,42,6
1525417759.2558055,0,0.0,0.0,0.0,0.0,0,1,0.4,0.23600000000000002,42,7
1525417760.551489,2,0.477,-0.013,0.1,0.167,1,0,0.4,0.232,43,0
1525417760.567491,0,0.465,-0.012,0.112,0.125,1,0,0.4,0.232,43,1
1525417760.6144953,0,0.429,-0.024,0.185,0.417,1,0,0.4,0.232,43,2
1525417760.646497,0,0.401,-0.028,0.258,0.729,1,0,0.4,0.232,43,3
1525417760.6784997,1,0.369,-0.032,0.383,1.25,1,0,0.4,0.232,43,4
1525417760.7105029,0,0.372,0.004,0.506,1.229,1,0,0.4,0.232,43,5
1525417760.7415054,0,0.373,0.001,0.596,0.896,1,0,0.4,0.232,43,6
1525417760.7735076,0,0.35,-0.023,0.75,1.542,1,0,0.4,0.232,43,7
1525417762.0048995,0,0.0,0.0,0.0,0.0,0,1,0.4,0.232,43,8
1525417763.3002322,2,0.473,-0.009,0.092,0.188,1,0,0.4,0.228,44,0
1525417763.3162336,0,0.464,-0.009,0.106,0.146,1,0,0.4,0.228,44,1
1525417763.3482366,0,0.437,-0.027,0.158,0.521,1,0,0.4,0.228,44,2
1525417763.3812401,1,0.413,-0.024,0.225,0.667,1,0,0.4,0.228,44,3
1525417763.413243,1,0.417,0.005,0.306,0.813,1,0,0.4,0.228,44,4
1525417763.4445252,1,0.474,0.057,0.352,0.458,1,0,0.4,0.228,44,5
1525417763.4765282,1,0.534,0.06,0.356,0.042,1,0,0.4,0.228,44,6
1525417763.5095315,0,0.594,0.061,0.379,0.229,1,0,0.4,0.228,44,7
1525417763.540534,0,0.614,0.02,0.431,0.521,1,0,0.4,0.228,44,8
1525417763.5725367,1,0.586,-0.028,0.644,2.125,1,0,0.4,0.228,44,9
1525417764.8039312,0,0.0,0.0,0.0,0.0,0,1,0.4,0.228,44,10
1525417766.4816508,2,0.533,-0.011,0.127,0.167,1,0,0.4,0.22400000000000003,45,0
1525417766.4976523,0,0.528,-0.005,0.137,0.104,1,0,0.4,0.22400000000000003,45,1
1525417766.5456557,0,0.484,-0.023,0.244,0.625,1,0,0.4,0.22400000000000003,45,2
1525417766.5786598,1,0.458,-0.025,0.321,0.771,1,0,0.4,0.22400000000000003,45,3
1525417766.6096623,1,0.461,0.003,0.421,1.0,1,0,0.4,0.22400000000000003,45,4
1525417766.641665,1,0.51,0.049,0.481,0.604,1,0,0.4,0.22400000000000003,45,5
1525417766.673668,1,0.573,0.063,0.523,0.417,1,0,0.4,0.22400000000000003,45,6
1525417766.7056708,0,0.638,0.065,0.585,0.625,1,0,0.4,0.22400000000000003,45,7
1525417766.7376735,0,0.654,0.016,0.679,0.938,1,0,0.4,0.22400000000000003,45,8
1525417767.9680622,0,0.0,0.0,0.0,0.0,0,1,0.4,0.22400000000000003,45,9
1525417769.1524463,2,0.457,-0.009,0.142,0.167,1,0,0.4,0.22000000000000003,46,0
1525417769.1684482,0,0.441,-0.016,0.152,0.104,1,0,0.4,0.22000000000000003,46,1
1525417769.2164516,0,0.408,-0.021,0.256,0.687,1,0,0.4,0.22000000000000003,46,2
1525417769.2484548,1,0.376,-0.031,0.338,0.813,1,0,0.4,0.22000000000000003,46,3
1525417769.2804575,1,0.383,0.007,0.442,1.042,1,0,0.4,0.22000000000000003,46,4
1525417769.3114603,1,0.438,0.055,0.49,0.479,1,0,0.4,0.22000000000000003,46,5
1525417769.3434634,1,0.5,0.062,0.523,0.333,1,0,0.4,0.22000000000000003,46,6
1525417769.3754654,0,0.565,0.065,0.583,0.604,1,0,0.4,0.22000000000000003,46,7
1525417769.40747,1,0.583,0.018,0.681,0.979,1,0,0.4,0.22000000000000003,46,8
1525417770.6391287,0,0.0,0.0,0.0,0.0,0,1,0.4,0.22000000000000003,46,9
1525417772.3005157,2,0.54,-0.007,0.137,0.146,1,0,0.4,0.21600000000000003,47,0
1525417772.3165176,0,0.531,-0.009,0.152,0.146,1,0,0.4,0.21600000000000003,47,1
1525417772.3655212,0,0.492,-0.022,0.233,0.396,1,0,0.4,0.21600000000000003,47,2
1525417772.3965237,1,0.467,-0.024,0.338,1.042,1,0,0.4,0.21600000000000003,47,3
1525417772.4285262,1,0.473,0.006,0.448,1.104,1,0,0.4,0.21600000000000003,47,4
1525417772.4605286,1,0.519,0.046,0.483,0.354,1,0,0.4,0.21600000000000003,47,5
1525417772.492048,1,0.574,0.055,0.531,0.479,1,0,0.4,0.21600000000000003,47,6
1525417772.5240085,0,0.639,0.065,0.598,0.667,1,0,0.4,0.21600000000000003,47,7
1525417772.556011,0,0.655,0.016,0.698,1.0,1,0,0.4,0.21600000000000003,47,8
1525417773.7883964,0,0.0,0.0,0.0,0.0,0,1,0.4,0.21600000000000003,47,9
1525417774.9717815,2,0.451,-0.008,0.148,0.146,1,0,0.4,0.21200000000000002,48,0
1525417774.987783,0,0.44,-0.011,0.165,0.167,1,0,0.4,0.21200000000000002,48,1
1525417775.0347867,0,0.403,-0.024,0.237,0.583,1,0,0.4,0.21200000000000002,48,2
1525417775.0667896,1,0.374,-0.028,0.31,0.729,1,0,0.4,0.21200000000000002,48,3
1525417775.0977924,1,0.379,0.005,0.4,0.896,1,0,0.4,0.21200000000000002,48,4
1525417775.1297953,1,0.43,0.051,0.477,0.771,1,0,0.4,0.21200000000000002,48,5
1525417775.1477969,1,0.492,0.062,0.519,0.417,1,0,0.4,0.21200000000000002,48,6
1525417775.1797998,0,0.554,0.063,0.575,0.562,1,0,0.4,0.21200000000000002,48,7
1525417775.2118025,0,0.574,0.02,0.667,0.917,1,0,0.4,0.21200000000000002,48,8
1525417776.442195,1,0.0,0.0,0.0,0.0,0,1,0.4,0.21200000000000002,48,9
1525417777.6729155,2,0.485,0.02,0.133,0.167,1,0,0.4,0.20800000000000002,49,0
1525417777.6889172,0,0.504,0.02,0.131,-0.021,1,0,0.4,0.20800000000000002,49,1
1525417777.7359211,0,0.533,0.007,0.088,-0.25,1,0,0.4,0.20800000000000002,49,2
1525417777.767924,1,0.502,-0.03,0.115,0.271,1,0,0.4,0.20800000000000002,49,3
1525417777.7999268,1,0.509,0.007,0.196,0.813,1,0,0.4,0.20800000000000002,49,4
1525417777.8169284,1,0.555,0.046,0.187,-0.083,1,0,0.4,0.20800000000000002,49,5
1525417777.8489313,0,0.609,0.054,0.165,-0.229,1,0,0.4,0.20800000000000002,49,6
1525417777.8809345,0,0.627,0.018,0.137,-0.271,1,0,0.4,0.20800000000000002,49,7
1525417777.9129367,0,0.597,-0.029,0.198,0.604,1,0,0.4,0.20800000000000002,49,8
1525417777.9449391,1,0.565,-0.032,0.321,1.229,1,0,0.4,0.20800000000000002,49,9
1525417777.9769425,0,0.569,0.004,0.458,1.375,1,0,0.4,0.20800000000000002,49,10
1525417778.0089455,1,0.576,0.007,0.569,1.104,1,0,0.4,0.20800000000000002,49,11
1525417778.0409486,0,0.586,0.01,0.71,1.417,1,0,0.4,0.20800000000000002,49,12
1525417779.2723088,0,0.0,0.0,0.0,0.0,0,1,0.4,0.20800000000000002,49,13
1525417780.4556987,2,0.452,-0.012,0.167,0.167,1,0,0.4,0.20400000000000001,50,0
1525417780.4706998,0,0.437,-0.015,0.194,0.271,1,0,0.4,0.20400000000000001,50,1
1525417780.5189893,1,0.402,-0.024,0.271,0.438,1,0,0.4,0.20400000000000001,50,2
1525417780.5509923,1,0.411,0.009,0.348,0.771,1,0,0.4,0.20400000000000001,50,3
1525417780.5829954,1,0.459,0.049,0.381,0.333,1,0,0.4,0.20400000000000001,50,4
1525417780.614998,1,0.514,0.055,0.39,0.083,1,0,0.4,0.20400000000000001,50,5
1525417780.6470013,0,0.573,0.059,0.413,0.229,1,0,0.4,0.20400000000000001,50,6
1525417780.6780045,0,0.583,0.01,0.45,0.375,1,0,0.4,0.20400000000000001,50,7
1525417780.710007,1,0.558,-0.024,0.635,1.854,1,0,0.4,0.20400000000000001,50,8
1525417781.9413993,1,0.0,0.0,0.0,0.0,0,1,0.4,0.20400000000000001,50,9
1525417783.6191123,2,0.563,0.018,0.16,0.146,1,0,0.4,0.2,51,0
1525417783.6351137,0,0.581,0.018,0.156,-0.042,1,0,0.4,0.2,51,1
1525417783.684118,0,0.633,0.009,0.09,-0.333,1,0,0.4,0.2,51,2
1525417783.716121,0,0.603,-0.03,0.125,0.354,1,0,0.4,0.2,51,3
1525417783.748124,1,0.57,-0.033,0.202,0.771,1,0,0.4,0.2,51,4
1525417783.780128,1,0.572,0.002,0.29,0.875,1,0,0.4,0.2,51,5
1525417783.8121312,1,0.616,0.044,0.296,0.062,1,0,0.4,0.2,51,6
1525417783.8431313,0,0.674,0.058,0.285,-0.104,1,0,0.4,0.2,51,7
1525417783.8751352,0,0.692,0.019,0.279,-0.062,1,0,0.4,0.2,51,8
1525417783.9071376,0,0.661,-0.031,0.387,1.083,1,0,0.4,0.2,51,9
1525417783.9391413,1,0.626,-0.035,0.552,1.646,1,0,0.4,0.2,51,10
1525417783.9561436,0,0.626,0.0,0.754,2.021,1,0,0.4,0.2,51,11
1525417785.202539,0,0.0,0.0,0.0,0.0,0,1,0.4,0.2,51,12
1525417786.354878,2,0.442,-0.014,0.09,0.0,1,0,0.4,0.196,52,0
1525417786.3698792,0,0.435,-0.007,0.1,0.104,1,0,0.4,0.196,52,1
1525417786.4178834,0,0.404,-0.022,0.148,0.396,1,0,0.4,0.196,52,2
1525417786.449886,1,0.381,-0.022,0.19,0.417,1,0,0.4,0.196,52,3
1525417786.4818892,1,0.387,0.006,0.24,0.5,1,0,0.4,0.196,52,4
1525417786.512892,1,0.444,0.057,0.265,0.25,1,0,0.4,0.196,52,5
1525417786.545138,1,0.506,0.063,0.215,-0.5,1,0,0.4,0.196,52,6
1525417786.577142,0,0.571,0.065,0.177,-0.375,1,0,0.4,0.196,52,7
1525417786.6091447,0,0.589,0.019,0.144,-0.333,1,0,0.4,0.196,52,8
1525417786.6411474,0,0.561,-0.028,0.19,0.458,1,0,0.4,0.196,52,9
1525417786.6731503,1,0.533,-0.028,0.317,1.271,1,0,0.4,0.196,52,10
1525417786.7041528,1,0.535,0.002,0.46,1.438,1,0,0.4,0.196,52,11
1525417786.7221546,1,0.581,0.046,0.575,1.146,1,0,0.4,0.196,52,12
1525417786.7541573,0,0.638,0.058,0.663,0.875,1,0,0.4,0.196,52,13
1525417786.7861605,0,0.65,0.012,0.792,1.292,1,0,0.4,0.196,52,14
1525417788.031502,0,0.0,0.0,0.0,0.0,0,1,0.4,0.196,52,15
1525417789.1988502,2,0.451,-0.01,0.135,0.208,1,0,0.4,0.192,53,0
1525417789.2148507,0,0.441,-0.01,0.137,0.021,1,0,0.4,0.192,53,1
1525417789.2478542,0,0.407,-0.021,0.229,0.625,1,0,0.4,0.192,53,2
1525417789.279857,1,0.384,-0.022,0.302,0.729,1,0,0.4,0.192,53,3
1525417789.3118598,1,0.394,0.01,0.39,0.875,1,0,0.4,0.192,53,4
1525417789.3438635,1,0.445,0.051,0.438,0.479,1,0,0.4,0.192,53,5
1525417789.3758655,1,0.503,0.059,0.46,0.229,1,0,0.4,0.192,53,6
1525417789.4078684,0,0.568,0.065,0.508,0.479,1,0,0.4,0.192,53,7
1525417789.4398718,0,0.583,0.015,0.619,1.104,1,0,0.4,0.192,53,8
1525417790.670477,0,0.0,0.0,0.0,0.0,0,1,0.4,0.192,53,9
1525417791.8868423,2,0.457,-0.007,0.102,0.167,1,0,0.4,0.18800000000000003,54,0
1525417791.9018426,0,0.445,-0.013,0.108,0.063,1,0,0.4,0.18800000000000003,54,1
1525417791.9488451,0,0.413,-0.022,0.196,0.583,1,0,0.4,0.18800000000000003,54,2
1525417791.9818487,1,0.388,-0.024,0.265,0.687,1,0,0.4,0.18800000000000003,54,3
1525417792.0138514,1,0.391,0.003,0.358,0.938,1,0,0.4,0.18800000000000003,54,4
1525417792.0448546,0,0.444,0.053,0.381,0.229,1,0,0.4,0.18800000000000003,54,5
1525417792.0768573,0,0.459,0.016,0.39,0.083,1,0,0.4,0.18800000000000003,54,6
1525417792.10886,1,0.432,-0.027,0.521,1.312,1,0,0.4,0.18800000000000003,54,7
1525417792.139862,1,0.434,0.002,0.723,2.021,1,0,0.4,0.18800000000000003,54,8
1525417793.3722053,1,0.0,0.0,0.0,0.0,0,1,0.4,0.18800000000000003,54,9
1525417794.9548702,2,0.561,0.019,0.135,0.208,1,0,0.4,0.18400000000000002,55,0
1525417794.9708717,0,0.582,0.021,0.129,-0.063,1,0,0.4,0.18400000000000002,55,1
1525417795.0188768,0,0.608,0.004,0.081,-0.271,1,0,0.4,0.18400000000000002,55,2
1525417795.0508797,0,0.581,-0.027,0.125,0.438,1,0,0.4,0.18400000000000002,55,3
1525417795.0828824,1,0.554,-0.026,0.206,0.813,1,0,0.4,0.18400000000000002,55,4
1525417795.1148853,1,0.561,0.007,0.294,0.875,1,0,0.4,0.18400000000000002,55,5
1525417795.1468885,1,0.608,0.047,0.304,0.104,1,0,0.4,0.18400000000000002,55,6
1525417795.1788921,0,0.668,0.06,0.312,0.083,1,0,0.4,0.18400000000000002,55,7
1525417795.209893,0,0.679,0.012,0.323,0.104,1,0,0.4,0.18400000000000002,55,8
1525417795.2418962,0,0.649,-0.03,0.475,1.521,1,0,0.4,0.18400000000000002,55,9
1525417795.2749004,1,0.614,-0.035,0.673,1.979,1,0,0.4,0.18400000000000002,55,10
1525417796.5052955,0,0.0,0.0,0.0,0.0,0,1,0.4,0.18400000000000002,55,11
1525417798.1690247,2,0.537,-0.007,0.137,0.188,1,0,0.4,0.18000000000000002,56,0
1525417798.1850247,0,0.527,-0.01,0.15,0.125,1,0,0.4,0.18000000000000002,56,1
1525417798.2320287,0,0.497,-0.02,0.213,0.479,1,0,0.4,0.18000000000000002,56,2
1525417798.2640314,1,0.474,-0.022,0.285,0.729,1,0,0.4,0.18000000000000002,56,3
1525417798.2950344,1,0.477,0.003,0.381,0.958,1,0,0.4,0.18000000000000002,56,4
1525417798.327037,1,0.521,0.044,0.442,0.604,1,0,0.4,0.18000000000000002,56,5
1525417798.35904,1,0.58,0.059,0.506,0.646,1,0,0.4,0.18000000000000002,56,6
1525417798.3910432,0,0.644,0.065,0.579,0.729,1,0,0.4,0.18000000000000002,56,7
1525417798.4080448,0,0.66,0.016,0.679,1.0,1,0,0.4,0.18000000000000002,56,8
1525417799.654731,0,0.0,0.0,0.0,0.0,0,1,0.4,0.18000000000000002,56,9
1525417800.8371143,2,0.447,-0.017,0.04,-0.042,1,0,0.4,0.17600000000000002,57,0
1525417800.853116,0,0.436,-0.011,0.046,0.063,1,0,0.4,0.17600000000000002,57,1
1525417800.9021206,0,0.389,-0.024,0.127,0.396,1,0,0.4,0.17600000000000002,57,2
1525417800.9331224,1,0.364,-0.025,0.171,0.438,1,0,0.4,0.17600000000000002,57,3
1525417800.965125,1,0.37,0.007,0.223,0.521,1,0,0.4,0.17600000000000002,57,4
1525417800.9981306,1,0.418,0.048,0.219,-0.042,1,0,0.4,0.17600000000000002,57,5
1525417801.0291312,0,0.479,0.061,0.177,-0.417,1,0,0.4,0.17600000000000002,57,6
1525417801.0611353,0,0.499,0.02,0.135,-0.417,1,0,0.4,0.17600000000000002,57,7
1525417801.093137,0,0.469,-0.029,0.173,0.375,1,0,0.4,0.17600000000000002,57,8
1525417801.1251402,1,0.436,-0.033,0.283,1.104,1,0,0.4,0.17600000000000002,57,9
1525417801.1571426,1,0.44,0.004,0.406,1.229,1,0,0.4,0.17600000000000002,57,10
1525417801.1891456,1,0.49,0.05,0.506,1.0,1,0,0.4,0.17600000000000002,57,11
1525417801.2201483,1,0.545,0.056,0.596,0.896,1,0,0.4,0.17600000000000002,57,12
1525417801.23815,0,0.601,0.056,0.704,1.083,1,0,0.4,0.17600000000000002,57,13
1525417802.4835353,0,0.0,0.0,0.0,0.0,0,1,0.4,0.17600000000000002,57,14
1525417803.6522079,2,0.451,-0.009,0.119,0.167,1,0,0.4,0.17200000000000001,58,0
1525417803.6682093,0,0.441,-0.01,0.125,0.063,1,0,0.4,0.17200000000000001,58,1
1525417803.7152133,0,0.405,-0.024,0.217,0.583,1,0,0.4,0.17200000000000001,58,2
1525417803.7472162,1,0.382,-0.022,0.29,0.729,1,0,0.4,0.17200000000000001,58,3
1525417803.7792194,1,0.39,0.008,0.377,0.875,1,0,0.4,0.17200000000000001,58,4
1525417803.810222,1,0.443,0.053,0.41,0.333,1,0,0.4,0.17200000000000001,58,5
1525417803.8282235,1,0.503,0.061,0.431,0.208,1,0,0.4,0.17200000000000001,58,6
1525417803.8602264,0,0.565,0.062,0.473,0.417,1,0,0.4,0.17200000000000001,58,7
1525417803.892229,1,0.586,0.021,0.544,0.708,1,0,0.4,0.17200000000000001,58,8
1525417803.923232,0,0.594,0.009,0.717,1.729,1,0,0.4,0.17200000000000001,58,9
1525417805.1696193,0,0.0,0.0,0.0,0.0,0,1,0.4,0.17200000000000001,58,10
1525417806.353004,2,0.45,-0.014,0.081,0.042,1,0,0.4,0.168,59,0
1525417806.3680055,0,0.436,-0.014,0.085,0.042,1,0,0.4,0.168,59,1
1525417806.41801,0,0.39,-0.025,0.158,0.354,1,0,0.4,0.168,59,2
1525417806.4500127,1,0.366,-0.024,0.21,0.521,1,0,0.4,0.168,59,3
1525417806.482016,0,0.374,0.009,0.302,0.917,1,0,0.4,0.168,59,4
1525417806.5140188,0,0.383,0.009,0.273,-0.292,1,0,0.4,0.168,59,5
1525417806.5450203,0,0.358,-0.025,0.367,0.938,1,0,0.4,0.168,59,6
1525417806.5770242,1,0.335,-0.022,0.488,1.208,1,0,0.4,0.168,59,7
1525417806.609027,1,0.348,0.013,0.635,1.479,1,0,0.4,0.168,59,8
1525417806.640304,0,0.401,0.053,0.727,0.917,1,0,0.4,0.168,59,9
1525417807.8716867,0,0.0,0.0,0.0,0.0,0,1,0.4,0.168,59,10
1525417809.120038,2,0.464,-0.009,0.033,0.042,1,0,0.4,0.164,60,0
1525417809.1360397,0,0.455,-0.01,0.033,0.0,1,0,0.4,0.164,60,1
1525417809.1830435,0,0.42,-0.021,0.083,0.354,1,0,0.4,0.164,60,2
1525417809.2150462,0,0.395,-0.025,0.123,0.396,1,0,0.4,0.164,60,3
1525417809.246049,0,0.369,-0.026,0.173,0.5,1,0,0.4,0.164,60,4
1525417809.2780519,0,0.343,-0.025,0.229,0.563,1,0,0.4,0.164,60,5
1525417809.3100548,0,0.315,-0.028,0.296,0.667,1,0,0.4,0.164,60,6
1525417809.3270562,0,0.29,-0.024,0.385,0.896,1,0,0.4,0.164,60,7
1525417809.3590596,0,0.269,-0.022,0.496,1.104,1,0,0.4,0.164,60,8
1525417809.391062,0,0.242,-0.026,0.633,1.375,1,0,0.4,0.164,60,9
1525417810.6369977,0,0.0,0.0,0.0,0.0,0,1,0.4,0.164,60,10
1525417811.9807014,2,0.475,-0.009,0.038,0.0,1,0,0.4,0.16000000000000003,61,0
1525417811.996703,0,0.466,-0.009,0.044,0.062,1,0,0.4,0.16000000000000003,61,1
1525417812.044707,0,0.423,-0.021,0.096,0.229,1,0,0.4,0.16000000000000003,61,2
1525417812.07671,0,0.397,-0.026,0.135,0.396,1,0,0.4,0.16000000000000003,61,3
1525417812.1087132,0,0.366,-0.031,0.2,0.646,1,0,0.4,0.16000000000000003,61,4
1525417812.1407163,0,0.341,-0.024,0.26,0.604,1,0,0.4,0.16000000000000003,61,5
1525417812.1727183,0,0.317,-0.024,0.331,0.708,1,0,0.4,0.16000000000000003,61,6
1525417812.203721,0,0.292,-0.024,0.421,0.896,1,0,0.4,0.16000000000000003,61,7
1525417812.2367246,0,0.263,-0.029,0.535,1.146,1,0,0.4,0.16000000000000003,61,8
1525417812.2677271,0,0.235,-0.028,0.681,1.458,1,0,0.4,0.16000000000000003,61,9
1525417813.4991221,0,0.0,0.0,0.0,0.0,0,1,0.4,0.16000000000000003,61,10
1525417814.826825,2,0.477,-0.008,0.048,0.021,1,0,0.4,0.15600000000000003,62,0
1525417814.8428261,1,0.465,-0.012,0.056,0.083,1,0,0.4,0.15600000000000003,62,1
1525417814.8918316,0,0.467,0.011,0.104,0.375,1,0,0.4,0.15600000000000003,62,2
1525417814.9228349,0,0.473,0.006,0.067,-0.375,1,0,0.4,0.15600000000000003,62,3
1525417814.9548357,1,0.445,-0.028,0.079,0.125,1,0,0.4,0.15600000000000003,62,4
1525417814.9858394,0,0.459,0.015,0.127,0.479,1,0,0.4,0.15600000000000003,62,5
1525417815.0178416,0,0.47,0.011,0.106,-0.208,1,0,0.4,0.15600000000000003,62,6
1525417815.050845,0,0.446,-0.024,0.121,0.146,1,0,0.4,0.15600000000000003,62,7
1525417815.0818474,0,0.418,-0.027,0.185,0.646,1,0,0.4,0.15600000000000003,62,8
1525417815.1138504,0,0.391,-0.027,0.252,0.667,1,0,0.4,0.15600000000000003,62,9
1525417815.1458533,0,0.359,-0.032,0.331,0.792,1,0,0.4,0.15600000000000003,62,10
1525417815.1778562,0,0.331,-0.027,0.435,1.042,1,0,0.4,0.15600000000000003,62,11
1525417815.208858,0,0.303,-0.028,0.565,1.292,1,0,0.4,0.15600000000000003,62,12
1525417815.2418623,0,0.273,-0.03,0.723,1.583,1,0,0.4,0.15600000000000003,62,13
1525417816.4732552,0,0.0,0.0,0.0,0.0,0,1,0.4,0.15600000000000003,62,14
1525417817.8010569,2,0.474,-0.014,0.127,0.958,1,0,0.4,0.15200000000000002,63,0
1525417817.8170576,1,0.462,-0.012,0.16,0.333,1,0,0.4,0.15200000000000002,63,1
1525417817.864062,0,0.459,0.01,0.275,0.875,1,0,0.4,0.15200000000000002,63,2
1525417817.8960657,1,0.466,0.007,0.34,0.646,1,0,0.4,0.15200000000000002,63,3
1525417817.927067,0,0.476,0.01,0.402,0.625,1,0,0.4,0.15200000000000002,63,4
1525417817.9590695,0,0.482,0.006,0.485,0.833,1,0,0.4,0.15200000000000002,63,5
1525417817.9910724,0,0.454,-0.028,0.644,1.583,1,0,0.4,0.15200000000000002,63,6
1525417819.2234657,0,0.0,0.0,0.0,0.0,0,1,0.4,0.15200000000000002,63,7
1525417820.4868617,2,0.468,-0.005,0.038,0.021,1,0,0.4,0.14800000000000002,64,0
1525417820.5028634,0,0.457,-0.012,0.038,0.0,1,0,0.4,0.14800000000000002,64,1
1525417820.5488665,0,0.425,-0.021,0.079,0.229,1,0,0.4,0.14800000000000002,64,2
1525417820.5808702,0,0.397,-0.028,0.137,0.583,1,0,0.4,0.14800000000000002,64,3
1525417820.612873,1,0.37,-0.027,0.19,0.521,1,0,0.4,0.14800000000000002,64,4
1525417820.6298742,1,0.377,0.008,0.258,0.687,1,0,0.4,0.14800000000000002,64,5
1525417820.6618772,1,0.428,0.051,0.265,0.062,1,0,0.4,0.14800000000000002,64,6
1525417820.69088,0,0.495,0.066,0.237,-0.271,1,0,0.4,0.14800000000000002,64,7
1525417820.7262752,0,0.508,0.014,0.215,-0.229,1,0,0.4,0.14800000000000002,64,8
1525417820.7582784,0,0.483,-0.025,0.283,0.687,1,0,0.4,0.14800000000000002,64,9
1525417820.7902815,1,0.454,-0.029,0.429,1.458,1,0,0.4,0.14800000000000002,64,10
1525417820.8222835,1,0.458,0.005,0.602,1.729,1,0,0.4,0.14800000000000002,64,11
1525417820.8542867,0,0.505,0.047,0.767,1.646,1,0,0.4,0.14800000000000002,64,12
1525417822.0856743,0,0.0,0.0,0.0,0.0,0,1,0.4,0.14800000000000002,64,13
1525417823.316061,2,0.454,-0.012,0.137,0.125,1,0,0.4,0.14400000000000002,65,0
1525417823.3320625,0,0.445,-0.009,0.152,0.146,1,0,0.4,0.14400000000000002,65,1
1525417823.3800673,0,0.41,-0.023,0.227,0.604,1,0,0.4,0.14400000000000002,65,2
1525417823.4120705,1,0.38,-0.029,0.296,0.687,1,0,0.4,0.14400000000000002,65,3
1525417823.444073,1,0.39,0.01,0.39,0.938,1,0,0.4,0.14400000000000002,65,4
1525417823.4760756,1,0.445,0.055,0.448,0.583,1,0,0.4,0.14400000000000002,65,5
1525417823.5080884,0,0.504,0.06,0.473,0.25,1,0,0.4,0.14400000000000002,65,6
1525417823.5390804,0,0.517,0.013,0.521,0.479,1,0,0.4,0.14400000000000002,65,7
1525417823.5710835,0,0.487,-0.03,0.715,1.938,1,0,0.4,0.14400000000000002,65,8
1525417824.8027534,0,0.0,0.0,0.0,0.0,0,1,0.4,0.14400000000000002,65,9
1525417826.0651474,2,0.463,-0.007,0.146,0.125,1,0,0.4,0.14,66,0
1525417826.0801487,0,0.452,-0.012,0.167,0.208,1,0,0.4,0.14,66,1
1525417826.1291525,0,0.41,-0.022,0.265,0.667,1,0,0.4,0.14,66,2
1525417826.162156,1,0.38,-0.029,0.344,0.792,1,0,0.4,0.14,66,3
1525417826.1931586,0,0.382,0.002,0.442,0.979,1,0,0.4,0.14,66,4
1525417826.2251618,1,0.393,0.011,0.5,0.583,1,0,0.4,0.14,66,5
1525417826.2571666,0,0.396,0.003,0.683,1.833,1,0,0.4,0.14,66,6
1525417826.2891674,0,0.404,0.008,0.79,1.062,1,0,0.4,0.14,66,7
1525417827.5205574,0,0.0,0.0,0.0,0.0,0,1,0.4,0.14,66,8
1525417828.8002286,2,0.467,-0.011,0.144,0.125,1,0,0.4,0.136,67,0
1525417828.815229,0,0.458,-0.009,0.158,0.146,1,0,0.4,0.136,67,1
1525417828.863233,0,0.426,-0.022,0.221,0.5,1,0,0.4,0.136,67,2
1525417828.8952365,0,0.4,-0.026,0.296,0.75,1,0,0.4,0.136,67,3
1525417828.9262388,0,0.369,-0.031,0.383,0.875,1,0,0.4,0.136,67,4
1525417828.958241,0,0.34,-0.028,0.498,1.146,1,0,0.4,0.136,67,5
1525417828.990244,0,0.316,-0.024,0.692,1.937,1,0,0.4,0.136,67,6
1525417830.2216718,0,0.0,0.0,0.0,0.0,0,1,0.4,0.136,67,7
1525417831.5321083,2,0.472,-0.008,0.117,0.167,1,0,0.4,0.132,68,0
1525417831.5481095,0,0.462,-0.01,0.119,0.021,1,0,0.4,0.132,68,1
1525417831.5971148,0,0.427,-0.02,0.196,0.479,1,0,0.4,0.132,68,2
1525417831.6291177,0,0.4,-0.027,0.258,0.625,1,0,0.4,0.132,68,3
1525417831.6601205,0,0.373,-0.026,0.329,0.708,1,0,0.4,0.132,68,4
1525417831.6921234,0,0.342,-0.031,0.427,0.979,1,0,0.4,0.132,68,5
1525417831.7241263,0,0.315,-0.027,0.542,1.146,1,0,0.4,0.132,68,6
1525417831.7564037,0,0.29,-0.024,0.688,1.458,1,0,0.4,0.132,68,7
1525417832.987801,0,0.0,0.0,0.0,0.0,0,1,0.4,0.132,68,8
1525417834.299194,2,0.479,-0.014,0.152,0.167,1,0,0.4,0.128,69,0
1525417834.3151958,0,0.471,-0.008,0.171,0.187,1,0,0.4,0.128,69,1
1525417834.3632007,0,0.436,-0.023,0.248,0.583,1,0,0.4,0.128,69,2
1525417834.3952038,0,0.409,-0.027,0.323,0.75,1,0,0.4,0.128,69,3
1525417834.4272056,0,0.377,-0.031,0.41,0.875,1,0,0.4,0.128,69,4
1525417834.4592087,0,0.346,-0.031,0.527,1.167,1,0,0.4,0.128,69,5
1525417834.491213,0,0.32,-0.026,0.729,2.021,1,0,0.4,0.128,69,6
1525417835.722603,0,0.0,0.0,0.0,0.0,0,1,0.4,0.128,69,7
1525417837.0482814,2,0.476,-0.013,0.067,0.0,1,0,0.4,0.124,70,0
1525417837.064283,1,0.466,-0.01,0.071,0.042,1,0,0.4,0.124,70,1
1525417837.1112866,0,0.468,0.015,0.117,0.354,1,0,0.4,0.124,70,2
1525417837.1432896,0,0.476,0.008,0.106,-0.104,1,0,0.4,0.124,70,3
1525417837.1612914,0,0.445,-0.031,0.092,-0.146,1,0,0.4,0.124,70,4
1525417837.193294,0,0.418,-0.026,0.144,0.521,1,0,0.4,0.124,70,5
1525417837.2253435,0,0.391,-0.027,0.219,0.75,1,0,0.4,0.124,70,6
1525417837.2573,0,0.361,-0.03,0.283,0.646,1,0,0.4,0.124,70,7
1525417837.289303,0,0.329,-0.031,0.367,0.833,1,0,0.4,0.124,70,8
1525417837.3213055,0,0.302,-0.027,0.467,1.0,1,0,0.4,0.124,70,9
1525417837.352308,0,0.274,-0.028,0.594,1.271,1,0,0.4,0.124,70,10
1525417837.384312,0,0.246,-0.027,0.752,1.583,1,0,0.4,0.124,70,11
1525417838.6157033,0,0.0,0.0,0.0,0.0,0,1,0.4,0.124,70,12
1525417839.9424646,2,0.479,-0.013,0.127,0.146,1,0,0.4,0.12,71,0
1525417839.958465,0,0.469,-0.01,0.137,0.104,1,0,0.4,0.12,71,1
1525417840.0064695,0,0.435,-0.023,0.208,0.375,1,0,0.4,0.12,71,2
1525417840.0384724,0,0.404,-0.031,0.277,0.688,1,0,0.4,0.12,71,3
1525417840.0694752,0,0.375,-0.028,0.356,0.792,1,0,0.4,0.12,71,4
1525417840.1024785,0,0.346,-0.029,0.502,1.458,1,0,0.4,0.12,71,5
1525417840.1334817,0,0.317,-0.029,0.642,1.396,1,0,0.4,0.12,71,6
1525417841.364889,0,0.0,0.0,0.0,0.0,0,1,0.4,0.12,71,7
1525417842.675291,2,0.472,-0.013,0.127,0.063,1,0,0.4,0.11599999999999999,72,0
1525417842.6912923,0,0.463,-0.009,0.135,0.083,1,0,0.4,0.11599999999999999,72,1
1525417842.7402966,0,0.418,-0.022,0.24,0.625,1,0,0.4,0.11599999999999999,72,2
1525417842.7722993,0,0.39,-0.028,0.312,0.729,1,0,0.4,0.11599999999999999,72,3
1525417842.8035836,0,0.361,-0.029,0.402,0.896,1,0,0.4,0.11599999999999999,72,4
1525417842.8355863,0,0.328,-0.032,0.519,1.167,1,0,0.4,0.11599999999999999,72,5
1525417842.8675892,1,0.301,-0.027,0.663,1.438,1,0,0.4,0.11599999999999999,72,6
1525417844.0989642,0,0.0,0.0,0.0,0.0,0,1,0.4,0.11599999999999999,72,7
1525417845.5213654,2,0.541,-0.007,0.133,0.104,1,0,0.4,0.11199999999999999,73,0
1525417845.537366,0,0.532,-0.009,0.135,0.021,1,0,0.4,0.11199999999999999,73,1
1525417845.5863707,0,0.497,-0.018,0.221,0.521,1,0,0.4,0.11199999999999999,73,2
1525417845.6183736,0,0.471,-0.025,0.287,0.667,1,0,0.4,0.11199999999999999,73,3
1525417845.6503766,0,0.442,-0.029,0.371,0.833,1,0,0.4,0.11199999999999999,73,4
1525417845.6823804,0,0.416,-0.025,0.479,1.083,1,0,0.4,0.11199999999999999,73,5
1525417845.7133834,0,0.383,-0.033,0.615,1.354,1,0,0.4,0.11199999999999999,73,6
1525417845.745385,0,0.347,-0.036,0.792,1.771,1,0,0.4,0.11199999999999999,73,7
1525417846.9760666,0,0.0,0.0,0.0,0.0,0,1,0.4,0.11199999999999999,73,8
1525417848.272424,2,0.477,-0.014,0.127,0.187,1,0,0.4,0.10800000000000004,74,0
1525417848.2874255,0,0.469,-0.008,0.131,0.042,1,0,0.4,0.10800000000000004,74,1
1525417848.33543,0,0.434,-0.023,0.225,0.604,1,0,0.4,0.10800000000000004,74,2
1525417848.3674324,0,0.406,-0.028,0.304,0.792,1,0,0.4,0.10800000000000004,74,3
1525417848.3994355,0,0.376,-0.029,0.398,0.938,1,0,0.4,0.10800000000000004,74,4
1525417848.4314382,0,0.344,-0.032,0.517,1.187,1,0,0.4,0.10800000000000004,74,5
1525417848.463441,0,0.318,-0.026,0.669,1.521,1,0,0.4,0.10800000000000004,74,6
1525417849.6947913,0,0.0,0.0,0.0,0.0,0,1,0.4,0.10800000000000004,74,7
1525417851.020477,2,0.477,-0.009,0.129,0.187,1,0,0.4,0.10400000000000004,75,0
1525417851.0364785,0,0.463,-0.014,0.137,0.083,1,0,0.4,0.10400000000000004,75,1
1525417851.0854828,0,0.422,-0.022,0.25,0.646,1,0,0.4,0.10400000000000004,75,2
1525417851.1174855,0,0.392,-0.03,0.325,0.75,1,0,0.4,0.10400000000000004,75,3
1525417851.1494887,0,0.365,-0.027,0.423,0.979,1,0,0.4,0.10400000000000004,75,4
1525417851.1804917,0,0.335,-0.029,0.546,1.229,1,0,0.4,0.10400000000000004,75,5
1525417851.2124941,0,0.307,-0.028,0.698,1.521,1,0,0.4,0.10400000000000004,75,6
1525417852.4428844,0,0.0,0.0,0.0,0.0,0,1,0.4,0.10400000000000004,75,7
1525417853.7552855,2,0.473,-0.016,0.144,0.146,1,0,0.4,0.10000000000000003,76,0
1525417853.7712855,0,0.463,-0.01,0.154,0.104,1,0,0.4,0.10000000000000003,76,1
1525417853.8192897,0,0.426,-0.026,0.231,0.396,1,0,0.4,0.10000000000000003,76,2
1525417853.8515759,0,0.397,-0.029,0.304,0.729,1,0,0.4,0.10000000000000003,76,3
1525417853.8825784,0,0.367,-0.03,0.396,0.917,1,0,0.4,0.10000000000000003,76,4
1525417853.9155817,0,0.334,-0.032,0.558,1.625,1,0,0.4,0.10000000000000003,76,5
1525417853.946585,0,0.308,-0.026,0.715,1.562,1,0,0.4,0.10000000000000003,76,6
1525417855.177987,0,0.0,0.0,0.0,0.0,0,1,0.4,0.10000000000000003,76,7
1525417856.5043907,2,0.476,-0.011,0.14,0.125,1,0,0.4,0.09600000000000003,77,0
1525417856.5203922,0,0.465,-0.011,0.152,0.125,1,0,0.4,0.09600000000000003,77,1
1525417856.5523942,0,0.431,-0.022,0.217,0.333,1,0,0.4,0.09600000000000003,77,2
1525417856.5853977,0,0.401,-0.03,0.283,0.667,1,0,0.4,0.09600000000000003,77,3
1525417856.617401,0,0.374,-0.026,0.392,1.083,1,0,0.4,0.09600000000000003,77,4
1525417856.6494033,0,0.344,-0.03,0.502,1.104,1,0,0.4,0.09600000000000003,77,5
1525417856.681406,0,0.314,-0.03,0.642,1.396,1,0,0.4,0.09600000000000003,77,6
1525417857.9111123,0,0.0,0.0,0.0,0.0,0,1,0.4,0.09600000000000003,77,7
1525417859.2375135,2,0.473,-0.013,0.085,-0.063,1,0,0.4,0.09200000000000003,78,0
1525417859.2535143,0,0.461,-0.012,0.092,0.063,1,0,0.4,0.09200000000000003,78,1
1525417859.302519,0,0.419,-0.024,0.156,0.333,1,0,0.4,0.09200000000000003,78,2
1525417859.3345218,0,0.392,-0.027,0.198,0.417,1,0,0.4,0.09200000000000003,78,3
1525417859.3665245,0,0.361,-0.031,0.248,0.5,1,0,0.4,0.09200000000000003,78,4
1525417859.3985279,0,0.332,-0.028,0.31,0.625,1,0,0.4,0.09200000000000003,78,5
1525417859.43053,0,0.305,-0.027,0.381,0.708,1,0,0.4,0.09200000000000003,78,6
1525417859.4625332,0,0.282,-0.023,0.467,0.854,1,0,0.4,0.09200000000000003,78,7
1525417859.4935355,0,0.251,-0.03,0.621,1.542,1,0,0.4,0.09200000000000003,78,8
1525417859.5255392,0,0.219,-0.032,0.785,1.646,1,0,0.4,0.09200000000000003,78,9
1525417860.7569363,0,0.0,0.0,0.0,0.0,0,1,0.4,0.09200000000000003,78,10
1525417862.083646,2,0.48,-0.01,0.173,0.146,1,0,0.4,0.08800000000000002,79,0
1525417862.099646,0,0.469,-0.011,0.177,0.042,1,0,0.4,0.08800000000000002,79,1
1525417862.1486506,0,0.423,-0.023,0.283,0.604,1,0,0.4,0.08800000000000002,79,2
1525417862.1806545,0,0.4,-0.023,0.36,0.771,1,0,0.4,0.08800000000000002,79,3
1525417862.2126563,0,0.37,-0.03,0.454,0.938,1,0,0.4,0.08800000000000002,79,4
1525417862.244659,0,0.339,-0.03,0.577,1.229,1,0,0.4,0.08800000000000002,79,5
1525417862.2766616,0,0.311,-0.028,0.733,1.562,1,0,0.4,0.08800000000000002,79,6
1525417863.5070596,0,0.0,0.0,0.0,0.0,0,1,0.4,0.08800000000000002,79,7
1525417864.818465,2,0.484,-0.008,0.142,0.125,1,0,0.4,0.08400000000000002,80,0
1525417864.8344662,0,0.47,-0.014,0.16,0.187,1,0,0.4,0.08400000000000002,80,1
1525417864.8814707,0,0.438,-0.02,0.229,0.542,1,0,0.4,0.08400000000000002,80,2
1525417864.9137585,0,0.41,-0.028,0.3,0.708,1,0,0.4,0.08400000000000002,80,3
1525417864.9447587,0,0.379,-0.03,0.383,0.833,1,0,0.4,0.08400000000000002,80,4
1525417864.9767616,0,0.346,-0.033,0.49,1.063,1,0,0.4,0.08400000000000002,80,5
1525417865.0087652,0,0.32,-0.026,0.625,1.354,1,0,0.4,0.08400000000000002,80,6
1525417865.0417678,0,0.29,-0.029,0.794,1.687,1,0,0.4,0.08400000000000002,80,7
1525417866.2731652,0,0.0,0.0,0.0,0.0,0,1,0.4,0.08400000000000002,80,8
1525417867.5985615,2,0.478,-0.011,0.169,0.167,1,0,0.4,0.08000000000000002,81,0
1525417867.6145627,0,0.466,-0.012,0.183,0.146,1,0,0.4,0.08000000000000002,81,1
1525417867.6465654,0,0.43,-0.025,0.258,0.396,1,0,0.4,0.08000000000000002,81,2
1525417867.6785686,0,0.4,-0.03,0.331,0.729,1,0,0.4,0.08000000000000002,81,3
1525417867.710571,0,0.369,-0.031,0.463,1.312,1,0,0.4,0.08000000000000002,81,4
1525417867.7425737,0,0.339,-0.029,0.59,1.271,1,0,0.4,0.08000000000000002,81,5
1525417867.774577,0,0.313,-0.026,0.748,1.583,1,0,0.4,0.08000000000000002,81,6
1525417869.006249,0,0.0,0.0,0.0,0.0,0,1,0.4,0.08000000000000002,81,7
1525417870.3336575,2,0.481,-0.013,0.146,0.104,1,0,0.4,0.07600000000000001,82,0
1525417870.3496602,0,0.47,-0.011,0.158,0.125,1,0,0.4,0.07600000000000001,82,1
1525417870.3966632,0,0.438,-0.021,0.223,0.521,1,0,0.4,0.07600000000000001,82,2
1525417870.428668,1,0.408,-0.03,0.287,0.646,1,0,0.4,0.07600000000000001,82,3
1525417870.4466686,0,0.413,0.005,0.369,0.813,1,0,0.4,0.07600000000000001,82,4
1525417870.5096736,0,0.469,0.005,0.444,0.125,1,0,0.4,0.07600000000000001,82,5
1525417870.5406754,0,0.439,-0.03,0.515,0.708,1,0,0.4,0.07600000000000001,82,6
1525417870.5736787,0,0.407,-0.032,0.702,1.875,1,0,0.4,0.07600000000000001,82,7
1525417871.805073,0,0.0,0.0,0.0,0.0,0,1,0.4,0.07600000000000001,82,8
1525417873.08375,2,0.472,-0.01,0.175,0.083,1,0,0.4,0.07200000000000001,83,0
1525417873.0997517,0,0.462,-0.01,0.192,0.167,1,0,0.4,0.07200000000000001,83,1
1525417873.1477559,0,0.428,-0.022,0.254,0.521,1,0,0.4,0.07200000000000001,83,2
1525417873.179759,1,0.399,-0.029,0.323,0.687,1,0,0.4,0.07200000000000001,83,3
1525417873.2107618,0,0.399,0.0,0.406,0.833,1,0,0.4,0.07200000000000001,83,4
1525417873.242765,0,0.409,0.01,0.456,0.5,1,0,0.4,0.07200000000000001,83,5
1525417873.2747674,0,0.377,-0.031,0.527,0.708,1,0,0.4,0.07200000000000001,83,6
1525417873.3067703,0,0.349,-0.028,0.685,1.583,1,0,0.4,0.07200000000000001,83,7
1525417874.5371664,0,0.0,0.0,0.0,0.0,0,1,0.4,0.07200000000000001,83,8
1525417875.84757,2,0.474,-0.012,0.152,0.104,1,0,0.4,0.068,84,0
1525417875.8635714,0,0.461,-0.013,0.173,0.208,1,0,0.4,0.068,84,1
1525417875.913577,0,0.413,-0.023,0.285,0.646,1,0,0.4,0.068,84,2
1525417875.9448624,0,0.384,-0.029,0.36,0.75,1,0,0.4,0.068,84,3
1525417875.9758637,0,0.356,-0.028,0.458,0.979,1,0,0.4,0.068,84,4
1525417876.0078666,0,0.327,-0.028,0.577,1.187,1,0,0.4,0.068,84,5
1525417876.0398695,0,0.298,-0.029,0.731,1.542,1,0,0.4,0.068,84,6
1525417877.2712717,0,0.0,0.0,0.0,0.0,0,1,0.4,0.068,84,7
1525417878.5816662,2,0.477,-0.011,0.11,0.0,1,0,0.4,0.064,85,0
1525417878.5986686,0,0.468,-0.009,0.11,0.0,1,0,0.4,0.064,85,1
1525417878.6306715,0,0.441,-0.027,0.144,0.333,1,0,0.4,0.064,85,2
1525417878.6636755,0,0.415,-0.025,0.181,0.375,1,0,0.4,0.064,85,3
1525417878.6946783,0,0.389,-0.026,0.248,0.667,1,0,0.4,0.064,85,4
1525417878.7256794,0,0.358,-0.031,0.308,0.604,1,0,0.4,0.064,85,5
1525417878.7586827,0,0.327,-0.03,0.383,0.75,1,0,0.4,0.064,85,6
1525417878.790686,0,0.304,-0.023,0.477,0.938,1,0,0.4,0.064,85,7
1525417878.8226888,0,0.278,-0.026,0.592,1.146,1,0,0.4,0.064,85,8
1525417878.8546915,0,0.249,-0.028,0.738,1.458,1,0,0.4,0.064,85,9
1525417880.0853655,0,0.0,0.0,0.0,0.0,0,1,0.4,0.064,85,10
1525417881.4127898,2,0.475,-0.012,0.096,0.0,1,0,0.4,0.06,86,0
1525417881.4287908,0,0.467,-0.008,0.102,0.063,1,0,0.4,0.06,86,1
1525417881.4757955,0,0.43,-0.026,0.144,0.312,1,0,0.4,0.06,86,2
1525417881.5077987,0,0.404,-0.026,0.185,0.417,1,0,0.4,0.06,86,3
1525417881.5398004,0,0.376,-0.027,0.233,0.479,1,0,0.4,0.06,86,4
1525417881.5708027,1,0.347,-0.029,0.287,0.542,1,0,0.4,0.06,86,5
1525417881.6038065,0,0.353,0.006,0.358,0.708,1,0,0.4,0.06,86,6
1525417881.6348093,0,0.364,0.011,0.387,0.292,1,0,0.4,0.06,86,7
1525417881.6668122,0,0.338,-0.025,0.477,0.896,1,0,0.4,0.06,86,8
1525417881.683813,0,0.312,-0.026,0.615,1.375,1,0,0.4,0.06,86,9
1525417881.7158158,0,0.287,-0.024,0.781,1.667,1,0,0.4,0.06,86,10
1525417882.9622283,0,0.0,0.0,0.0,0.0,0,1,0.4,0.06,86,11
1525417884.2889335,2,0.476,-0.011,0.181,0.146,1,0,0.4,0.055999999999999994,87,0
1525417884.3049347,0,0.467,-0.009,0.198,0.167,1,0,0.4,0.055999999999999994,87,1
1525417884.3549397,1,0.418,-0.025,0.292,0.583,1,0,0.4,0.055999999999999994,87,2
1525417884.385942,0,0.429,0.011,0.369,0.771,1,0,0.4,0.055999999999999994,87,3
1525417884.4179451,0,0.431,0.002,0.402,0.333,1,0,0.4,0.055999999999999994,87,4
1525417884.4499476,0,0.403,-0.028,0.51,1.083,1,0,0.4,0.055999999999999994,87,5
1525417884.4819508,0,0.374,-0.028,0.665,1.542,1,0,0.4,0.055999999999999994,87,6
1525417885.7132852,0,0.0,0.0,0.0,0.0,0,1,0.4,0.055999999999999994,87,7
1525417887.007899,2,0.472,-0.012,0.169,0.125,1,0,0.4,0.05199999999999999,88,0
1525417887.022899,0,0.463,-0.009,0.173,0.042,1,0,0.4,0.05199999999999999,88,1
1525417887.0709033,0,0.429,-0.021,0.24,0.5,1,0,0.4,0.05199999999999999,88,2
1525417887.103907,0,0.4,-0.029,0.306,0.667,1,0,0.4,0.05199999999999999,88,3
1525417887.13591,0,0.368,-0.032,0.385,0.792,1,0,0.4,0.05199999999999999,88,4
1525417887.1679125,0,0.337,-0.03,0.527,1.417,1,0,0.4,0.05199999999999999,88,5
1525417887.199916,0,0.311,-0.026,0.663,1.354,1,0,0.4,0.05199999999999999,88,6
1525417888.4312837,0,0.0,0.0,0.0,0.0,0,1,0.4,0.05199999999999999,88,7
1525417889.7566755,2,0.473,-0.011,0.096,0.021,1,0,0.4,0.04800000000000004,89,0
1525417889.7726772,0,0.463,-0.01,0.108,0.125,1,0,0.4,0.04800000000000004,89,1
1525417889.8216813,0,0.415,-0.023,0.175,0.438,1,0,0.4,0.04800000000000004,89,2
1525417889.8536842,0,0.389,-0.026,0.225,0.5,1,0,0.4,0.04800000000000004,89,3
1525417889.885687,0,0.357,-0.032,0.287,0.625,1,0,0.4,0.04800000000000004,89,4
1525417889.9176898,0,0.328,-0.028,0.394,1.063,1,0,0.4,0.04800000000000004,89,5
1525417889.9496927,0,0.3,-0.028,0.496,1.021,1,0,0.4,0.04800000000000004,89,6
1525417889.9806957,0,0.272,-0.028,0.623,1.271,1,0,0.4,0.04800000000000004,89,7
1525417890.0129845,0,0.243,-0.028,0.783,1.604,1,0,0.4,0.04800000000000004,89,8
1525417891.244379,0,0.0,0.0,0.0,0.0,0,1,0.4,0.04800000000000004,89,9
1525417892.555771,2,0.486,-0.01,0.137,0.125,1,0,0.4,0.04400000000000004,90,0
1525417892.571772,1,0.472,-0.014,0.152,0.146,1,0,0.4,0.04400000000000004,90,1
1525417892.619777,0,0.466,0.008,0.221,0.375,1,0,0.4,0.04400000000000004,90,2
1525417892.6517797,0,0.469,0.003,0.206,-0.146,1,0,0.4,0.04400000000000004,90,3
1525417892.6837835,0,0.444,-0.025,0.296,0.896,1,0,0.4,0.04400000000000004,90,4
1525417892.7157853,0,0.415,-0.028,0.392,0.958,1,0,0.4,0.04400000000000004,90,5
1525417892.7477882,0,0.385,-0.03,0.506,1.146,1,0,0.4,0.04400000000000004,90,6
1525417892.7787912,1,0.353,-0.032,0.654,1.479,1,0,0.4,0.04400000000000004,90,7
1525417894.0111825,0,0.0,0.0,0.0,0.0,0,1,0.4,0.04400000000000004,90,8
1525417895.4978776,2,0.538,-0.007,0.152,0.146,1,0,0.4,0.040000000000000036,91,0
1525417895.5138783,0,0.53,-0.008,0.162,0.104,1,0,0.4,0.040000000000000036,91,1
1525417895.560882,0,0.5,-0.021,0.219,0.312,1,0,0.4,0.040000000000000036,91,2
1525417895.5928845,0,0.475,-0.025,0.283,0.646,1,0,0.4,0.040000000000000036,91,3
1525417895.6248882,0,0.449,-0.026,0.358,0.75,1,0,0.4,0.040000000000000036,91,4
1525417895.656891,0,0.419,-0.029,0.496,1.375,1,0,0.4,0.040000000000000036,91,5
1525417895.6888938,0,0.388,-0.031,0.635,1.396,1,0,0.4,0.040000000000000036,91,6
1525417896.9192858,0,0.0,0.0,0.0,0.0,0,1,0.4,0.040000000000000036,91,7
1525417898.1979597,2,0.477,-0.012,0.165,0.104,1,0,0.4,0.03600000000000003,92,0
1525417898.2139611,0,0.468,-0.009,0.175,0.104,1,0,0.4,0.03600000000000003,92,1
1525417898.2619658,0,0.432,-0.023,0.242,0.521,1,0,0.4,0.03600000000000003,92,2
1525417898.293969,0,0.406,-0.026,0.306,0.646,1,0,0.4,0.03600000000000003,92,3
1525417898.3259716,0,0.375,-0.03,0.381,0.75,1,0,0.4,0.03600000000000003,92,4
1525417898.357975,0,0.345,-0.03,0.479,0.979,1,0,0.4,0.03600000000000003,92,5
1525417898.3749774,0,0.319,-0.026,0.646,1.667,1,0,0.4,0.03600000000000003,92,6
1525417899.6213737,0,0.0,0.0,0.0,0.0,0,1,0.4,0.03600000000000003,92,7
1525417900.9327736,2,0.478,-0.012,0.085,-0.042,1,0,0.4,0.03200000000000003,93,0
1525417900.9477744,0,0.469,-0.009,0.094,0.083,1,0,0.4,0.03200000000000003,93,1
1525417900.996779,0,0.422,-0.025,0.15,0.25,1,0,0.4,0.03200000000000003,93,2
1525417901.028782,0,0.397,-0.025,0.202,0.521,1,0,0.4,0.03200000000000003,93,3
1525417901.0610702,0,0.37,-0.026,0.252,0.5,1,0,0.4,0.03200000000000003,93,4
1525417901.093072,0,0.343,-0.027,0.31,0.583,1,0,0.4,0.03200000000000003,93,5
1525417901.1240754,0,0.316,-0.027,0.381,0.708,1,0,0.4,0.03200000000000003,93,6
1525417901.1560779,0,0.289,-0.026,0.469,0.875,1,0,0.4,0.03200000000000003,93,7
1525417901.188081,0,0.263,-0.026,0.581,1.125,1,0,0.4,0.03200000000000003,93,8
1525417901.2200828,0,0.229,-0.034,0.727,1.458,1,0,0.4,0.03200000000000003,93,9
1525417902.4504707,0,0.0,0.0,0.0,0.0,0,1,0.4,0.03200000000000003,93,10
1525417903.777867,2,0.476,-0.011,0.175,0.125,1,0,0.4,0.028000000000000025,94,0
1525417903.7938688,0,0.466,-0.01,0.187,0.125,1,0,0.4,0.028000000000000025,94,1
1525417903.8268783,0,0.433,-0.02,0.256,0.542,1,0,0.4,0.028000000000000025,94,2
1525417903.858875,0,0.402,-0.031,0.323,0.667,1,0,0.4,0.028000000000000025,94,3
1525417903.8908775,0,0.373,-0.028,0.402,0.792,1,0,0.4,0.028000000000000025,94,4
1525417903.92288,0,0.344,-0.029,0.504,1.021,1,0,0.4,0.028000000000000025,94,5
1525417903.9548829,0,0.317,-0.027,0.631,1.271,1,0,0.4,0.028000000000000025,94,6
1525417905.1855357,0,0.0,0.0,0.0,0.0,0,1,0.4,0.028000000000000025,94,7
1525417906.5109465,2,0.478,-0.013,0.056,0.0,1,0,0.4,0.02400000000000002,95,0
1525417906.5269475,0,0.468,-0.01,0.06,0.042,1,0,0.4,0.02400000000000002,95,1
1525417906.5759516,0,0.422,-0.023,0.115,0.229,1,0,0.4,0.02400000000000002,95,2
1525417906.607955,0,0.395,-0.027,0.167,0.521,1,0,0.4,0.02400000000000002,95,3
1525417906.6399584,0,0.367,-0.028,0.215,0.479,1,0,0.4,0.02400000000000002,95,4
1525417906.6719608,0,0.339,-0.027,0.273,0.583,1,0,0.4,0.02400000000000002,95,5
1525417906.7039635,0,0.313,-0.026,0.342,0.687,1,0,0.4,0.02400000000000002,95,6
1525417906.7349663,0,0.288,-0.024,0.425,0.833,1,0,0.4,0.02400000000000002,95,7
1525417906.766969,0,0.256,-0.032,0.533,1.083,1,0,0.4,0.02400000000000002,95,8
1525417906.7989721,0,0.228,-0.028,0.675,1.417,1,0,0.4,0.02400000000000002,95,9
1525417908.0303638,0,0.0,0.0,0.0,0.0,0,1,0.4,0.02400000000000002,95,10
1525417909.3420057,2,0.48,-0.012,0.144,0.187,1,0,0.4,0.020000000000000018,96,0
1525417909.358007,0,0.471,-0.009,0.165,0.208,1,0,0.4,0.020000000000000018,96,1
1525417909.4060116,0,0.436,-0.023,0.242,0.583,1,0,0.4,0.020000000000000018,96,2
1525417909.4380138,0,0.409,-0.027,0.317,0.75,1,0,0.4,0.020000000000000018,96,3
1525417909.470017,0,0.378,-0.03,0.408,0.917,1,0,0.4,0.020000000000000018,96,4
1525417909.50202,0,0.346,-0.032,0.527,1.187,1,0,0.4,0.020000000000000018,96,5
1525417909.5330217,0,0.317,-0.029,0.677,1.5,1,0,0.4,0.020000000000000018,96,6
1525417910.7654114,0,0.0,0.0,0.0,0.0,0,1,0.4,0.020000000000000018,96,7
1525417912.0758073,2,0.473,-0.013,0.16,0.104,1,0,0.4,0.016000000000000014,97,0
1525417912.0898094,0,0.462,-0.011,0.173,0.125,1,0,0.4,0.016000000000000014,97,1
1525417912.1390984,0,0.424,-0.024,0.24,0.542,1,0,0.4,0.016000000000000014,97,2
1525417912.171101,1,0.398,-0.026,0.308,0.688,1,0,0.4,0.016000000000000014,97,3
1525417912.2041051,0,0.406,0.008,0.392,0.833,1,0,0.4,0.016000000000000014,97,4
1525417912.2361078,0,0.415,0.01,0.463,0.708,1,0,0.4,0.016000000000000014,97,5
1525417912.2671106,0,0.389,-0.026,0.556,0.937,1,0,0.4,0.016000000000000014,97,6
1525417912.2991135,0,0.36,-0.029,0.729,1.729,1,0,0.4,0.016000000000000014,97,7
1525417913.5305243,0,0.0,0.0,0.0,0.0,0,1,0.4,0.016000000000000014,97,8
1525417914.8258955,2,0.472,-0.013,0.21,0.104,1,0,0.4,0.01200000000000001,98,0
1525417914.8418963,0,0.462,-0.01,0.227,0.167,1,0,0.4,0.01200000000000001,98,1
1525417914.8889005,0,0.427,-0.022,0.3,0.563,1,0,0.4,0.01200000000000001,98,2
1525417914.9209034,0,0.399,-0.028,0.373,0.729,1,0,0.4,0.01200000000000001,98,3
1525417914.9529066,0,0.369,-0.03,0.463,0.896,1,0,0.4,0.01200000000000001,98,4
1525417914.9849093,0,0.334,-0.034,0.577,1.146,1,0,0.4,0.01200000000000001,98,5
1525417915.016912,0,0.308,-0.026,0.723,1.458,1,0,0.4,0.01200000000000001,98,6
1525417916.2485862,0,0.0,0.0,0.0,0.0,0,1,0.4,0.01200000000000001,98,7
1525417917.5589857,2,0.476,-0.014,0.202,0.25,1,0,0.4,0.008000000000000007,99,0
1525417917.5749872,0,0.466,-0.01,0.219,0.167,1,0,0.4,0.008000000000000007,99,1
1525417917.6239922,0,0.429,-0.023,0.319,0.646,1,0,0.4,0.008000000000000007,99,2
1525417917.6549952,0,0.4,-0.029,0.4,0.813,1,0,0.4,0.008000000000000007,99,3
1525417917.686998,0,0.37,-0.029,0.502,1.021,1,0,0.4,0.008000000000000007,99,4
1525417917.7190008,0,0.337,-0.033,0.635,1.333,1,0,0.4,0.008000000000000007,99,5
1525417917.7510037,0,0.31,-0.027,0.796,1.604,1,0,0.4,0.008000000000000007,99,6
1525417918.9823887,0,0.0,0.0,0.0,0.0,0,1,0.4,0.008000000000000007,99,7
